ID	User name	Name	Location	Tracks	Playlists	Followers	Following	Link
1_1	Mee Music	Mee Media	Thai Binh, Viet Nam	14	0	5,990	230	https://soundcloud.com/meemedia
0_2	Hustlang Winno ğŸ‰ğŸ	HoÃ ng Long Nguyá»…n	Da Nang, Viet Nam	25	0	10.2K	241	https://soundcloud.com/winnodamidside
7_3	Billie Kihega	Billie Kihega	None	0	4	1,427	11	https://soundcloud.com/billie-kihega
0_4	Qi	None	Viet Nam	9	2	141	5	https://soundcloud.com/user-73277016
6_5	Mah	None	None	25	9	5,151	142	https://soundcloud.com/mzn665
1_6	BÃ¡c sÄ© Háº£i Verified	DJ / Producer	Há»’ CHÃ MINH	36	26	78.5K	546	https://soundcloud.com/bacsihai
2_7	ğ˜‚ğ—ºğ—°ğ—»ğ—´ğ—±ğ—° ğŸ¶	None	ki niem la thu giet chet chung ta	44	4	368	120	https://soundcloud.com/user-580335475
9_8	Westcoast Radio (EDM) Verified	Curated by DJ MTK	San Diego | L.A. | S.F.	37	20	48.8K	1,977	https://soundcloud.com/digitalstreams
4_9	soo	None	Seoul, Republic of Korea	0	20	36.5K	113	https://soundcloud.com/yourparadis
0_10	Long Nguyá»…n	Fan cris28/1	None	18	0	837	1	https://soundcloud.com/fan-cris28-1
8_11	MugaTunes Verified	Playlists & Reposts	None	0	40	45.7K	1,988	https://soundcloud.com/mugatunesofficial
5_12	MugaTunes Verified	Playlists & Reposts	None	0	53	45.7K	1,988	https://soundcloud.com/mugatunesofficial
0_13	THINHHO	#BASS6	None	1	0	291	229	https://soundcloud.com/t-h-i-n-h-h-o
7_14	Spiritual Moment Verified	Spiritual Moment .	None	198	1	83.1K	0	https://soundcloud.com/spiritualmoment
3_15	Westcoast Radio (EDM) Verified	Curated by DJ MTK	San Diego | L.A. | S.F.	37	41	48.8K	1,977	https://soundcloud.com/digitalstreams
0_16	SONBEAT Verified	None	Viet Nam	40	4	23.6K	15	https://soundcloud.com/sonbeat21
7_17	Mindsoul Media	None	Denver, United States	14	1	6,325	76	https://soundcloud.com/mindsoulmedia
2_18	Yuh.1396	HoÃ ng ThÃºc Huy	hcmc, Viet Nam	7	0	9	10	https://soundcloud.com/ho-ng-th-c-huy
2_19	Hiderway Verified	This is Hiderway	Ho Chi Minh City, Viet Nam	29	4	4,748	6	https://soundcloud.com/hiderway
7_20	McAllisterStudios	John McAllister	Spartanburg, United States	32	1	759	839	https://soundcloud.com/mcallisterstudios
7_21	Eihmi	None	None	14	1	193	11	https://soundcloud.com/eihmi
0_22	yafu	None	ÄÃ  Láº¡t	7	0	2,908	9	https://soundcloud.com/lilyafuuu
0_23	Mai DÅ©ng	Mai DÅ©ng	nghÄ©a lá»™, Viet Nam	5	0	72	2	https://soundcloud.com/mai-d-ng-542126627
7_24	Miller Kiara	Kiara Miller	Hungary	5	3	960	2	https://soundcloud.com/kyarajoyce
0_25	L2Shareâ™«140	None	None	35	0	2,884	97	https://soundcloud.com/l2share140
2_26	Huy HoÃ ng	Huy HoÃ ng	XÃ£ ÄÃ´ng Sang, Báº£n Ãng, SÆ¡n La, Má»™c, Viet Nam	6	2	28	0	https://soundcloud.com/huy-hoang-672012367
0_27	PhÆ°á»£ng HÃ­p	HOANG DANG PHUONG	Viet Nam	25	0	4,047	9	https://soundcloud.com/ho-ng-ng-ph-ng-236057515
6_28	boniver Verified	Bon Iver	Eau Claire, United States	66	0	143K	0	https://soundcloud.com/boniver
3_29	TiÃ«sto Verified	TiÃ«sto	Amsterdam, Netherlands	837	13	1.92M	6	https://soundcloud.com/tiesto
0_30	Khoi Vu	Bá»‡u - Lennie	Berlin	21	11	14.1K	111	https://soundcloud.com/pkvpro123
6_31	guimilward	gui milward	rio de janeiro, Brazil	13	16	2,041	30	https://soundcloud.com/guimilward
2_32	L2ShareOST18	None	None	48	0	4,556	98	https://soundcloud.com/l2shareost18
2_33	boy in da hood	None	HÃ  Ná»™i, Viet Nam	7	1	138	6	https://soundcloud.com/dgthanhdong
7_34	C. Scott Blevins / hyperstory	C. Scott Blevins	Los Angeles, United States	10	0	360	2	https://soundcloud.com/hyperstory
7_35	Sleepy Times Verified	None	None	1,955	0	210	0	https://soundcloud.com/sleepytimes
7_36	Ibne Waheedi	Ibne Waheedi	ZÃ¼rich, Switzerland	6	0	1,594	0	https://soundcloud.com/tauqeer-ahmad-waheedi
2_37	QuÃ½ Anh	nguyenquocdai2000mn	None	34	1	56	2	https://soundcloud.com/nguyenquocdai2000mn
7_38	Obaida Aloushi	Obaida Aloushi	Tulkarem, State of Palestine	13	3	344	8	https://soundcloud.com/allooooshy
2_39	The Wolf	L Trn.	None	6	0	21	0	https://soundcloud.com/ltrnnnnnn
2_40	Thien Hi' Verified	Thien Nguyen	Ho Chi Minh, Viet Nam	123	5	73.6K	1,476	https://soundcloud.com/thienhiofficial
7_41	The Sound Alchemist	Spiritual and Healing Music	None	5	0	5,112	5	https://soundcloud.com/the-sound-alchemist
7_42	Soul & Mind Relaxation	None	None	34	7	9,311	2	https://soundcloud.com/sam_relaxation
0_43	TaylorDaClownn. Verified	Taylor.	BDSM	32	5	2,022	43	https://soundcloud.com/ph-ph-i-s
2_44	Memory...!	None	BiÃªn HÃ²a Äá»“ng Nai , Viet Nam	29	0	323	0	https://soundcloud.com/user-79319235
3_45	AviciiOfficial Verified	Avicii Official	Los Angeles / Stockholm	287	1	1.92M	0	https://soundcloud.com/aviciiofficial
1_46	Bum Pro.D	LÃŠ HÃ’A	BÃ¬nh DÆ°Æ¡ng, Viet Nam	60	1	24.2K	763	https://soundcloud.com/h-a-l-ng-c
2_47	Nate	None	None	2	0	1	8	https://soundcloud.com/nh-t-h-736911824
2_48	Haozi Verified	NgÃ´ VÄƒn NguyÃªn Háº¡o	HÃ  Ná»™i, Viet Nam	14	0	9,344	1	https://soundcloud.com/haozii
2_49	SR - Flame ( ndduy )	None	None	6	1	13	15	https://soundcloud.com/user-556328475
1_50	Giang To Verified	TÃ´ ÄÃ¬nh HoÃ ng Giang	Há»“ ChÃ­ Minh, Viet Nam	10	5	52.8K	1,413	https://soundcloud.com/eezayiang
7_51	Juan SÃ¡nchez Music Verified	Juan SÃ¡nchez	Barcelona, Spain	151	11	2,698	296	https://soundcloud.com/juansanchezcomposer
4_52	Nick Ward Verified	None	Sydney, Australia	14	7	6,467	133	https://soundcloud.com/nickwardmusic
0_53	Lkang	lam quang	Can Tho, Viet Nam	2	0	675	0	https://soundcloud.com/lam-quang-243035270
2_54	tddi	Thanh Vy Nguyá»…n Thá»‹	Viet Nam	1	0	2	0	https://soundcloud.com/user-992841585
6_55	awk-v	None	None	1	2	645	18	https://soundcloud.com/awk-v
0_56	Gia CÃ¡t Tháº¡ch	None	Viet Nam	6	0	1,165	102	https://soundcloud.com/66ison
2_57	Ngoc Thao	LÃª Tháº£o	None	6	0	42	8	https://soundcloud.com/th-o-nguy-n-ng-c-l
9_58	TiÃ«sto Verified	TiÃ«sto	Amsterdam, Netherlands	837	13	1.92M	6	https://soundcloud.com/tiesto
3_59	Digital Records Verified	Indie Label	San Diego	24	86	19.5K	1,255	https://soundcloud.com/officialdigitalrecords
2_60	zorodn	Huy Dang	Da Nang, Viet Nam	14	3	11	12	https://soundcloud.com/zorodn
0_61	Phuc Duong	None	NewYork, United States	8	28	1,031	14	https://soundcloud.com/phuc-duong-2011
1_62	BÃ¬nh Há»“ Official Verified	DJ BÃ¬nh Há»“	None	20	0	68.1K	1	https://soundcloud.com/binh-ho-310210397
6_63	monomythic	None	None	13	14	1,317	276	https://soundcloud.com/dreamfolk
1_64	LifeğŸ’	None	Seul, Republic of Korea	941	0	3,847	0	https://soundcloud.com/alexmussiclifeupdate
2_65	imgnil	gnil agi	None	1	0	1	1	https://soundcloud.com/gia-linhh-517930630
1_66	DJ TiLo Verified	DJ TiLo	Há»“ ChÃ­ Minh	210	1	348K	948	https://soundcloud.com/dj-tin-5
2_67	GRUSI HOUSE Verified	Giang Nguyá»…n Trá»ng	HÃ  Ná»™i, Viet Nam	35	1	6,337	77	https://soundcloud.com/grusi_official
4_68	qianhui sun	qianhui sun	None	1	0	1,394	0	https://soundcloud.com/qianhui-sun-274160437
1_69	BANANA âœª Verified	Chuá»‘i TÃ¢y	Sai Gon, Viet Nam	80	1	130K	602	https://soundcloud.com/chuoi-t-y
2_70	Neil	None	None	4	0	79	1	https://soundcloud.com/neiltran
4_71	ë³¸ ë³´ì•¼ì§€ (Bon Voyaze)	None	Seoul	30	2	3,259	247	https://soundcloud.com/bon_voyaze
2_72	SÃ³ng XuÃ´i	XuÃ´i SÃ³ng	None	3	0	1	6	https://soundcloud.com/song-xuoi
1_73	minhtri88883	None	None	3	0	8,903	1	https://soundcloud.com/dj-minh-tri-202
2_74	withyou	None	None	27	4	36	2	https://soundcloud.com/vy-ng-c-842290384
1_75	MUSIC DOCTOR Record Verified	Dj/Producers Team	Há»“ ChÃ­ Minh	41	6	37.1K	1,562	https://soundcloud.com/music-doctor
4_76	domo	None	incheon, Republic of Korea	13	0	3,005	30	https://soundcloud.com/1207domo
4_77	Lucia Goti	Lucia Goti	None	9	0	1,035	0	https://soundcloud.com/lucia-goti
7_78	Egemannen	Magnus A. E. Egeness	Oslo, Norway	0	33	2,067	266	https://soundcloud.com/egemannen
4_79	o-nei-ric Tapes	A'daleis	Sydney, Australia	2,013	37	9,159	1,038	https://soundcloud.com/o-nei-ric-tapes
2_80	SIVAN Verified	Minh An	Ho Chi Minh, Viet Nam	12	2	1,792	13	https://soundcloud.com/tvan1411
9_81	AviciiOfficial Verified	Avicii Official	Los Angeles / Stockholm	287	1	1.92M	0	https://soundcloud.com/aviciiofficial
1_82	ABIG	The Anh	HÃ  Ná»™i, Viet Nam	2	0	4,128	21	https://soundcloud.com/anhthepham-240299
9_83	Digital Records Verified	Indie Label	San Diego	24	18	19.5K	1,255	https://soundcloud.com/officialdigitalrecords
2_84	Quá»‘c Triá»‡u âœª	Triá»‡u Tráº§n	Há»“ ChÃ­ Minh, Viet Nam	3	0	1,311	1	https://soundcloud.com/tr-n-qu-c-tri-u-387587693
1_85	Future Da Producer Verified	Do Giang	Ho Chi Minh, Viet Nam	148	3	9,652	290	https://soundcloud.com/justfuturedaproducer
2_86	Nguyá»…n Khoa Nam	Khoa Nam Nguyá»…n	None	25	0	10	3	https://soundcloud.com/nguy-n-khoa-nam-80524413
6_87	Snorlaxius Maximus	Teresa Chu	CA, United States	4	19	791	637	https://soundcloud.com/snorlaxiusmaximus
2_88	CaoTri	Cao Tri Nguyen Huynh	None	14	1	139	0	https://soundcloud.com/caotriprod
2_89	long bui	Tovin	None	15	0	270	48	https://soundcloud.com/longbui
2_90	Haley Ngo	Tenshi Noriki	Hanoi, Viet Nam	7	0	28	24	https://soundcloud.com/tenshi-noriki
2_91	Mr Hiáº¿u Jay	BÃ i Viáº¿t ChÃºng TÃ´i Sá»­ Dá»¥ng TrÃªn Web	HÃ  Ná»™i, Viet Nam	5	0	98	3	https://soundcloud.com/mrhieujay
2_92	Hoa Vinh Official	Vinh Hoa	None	24	2	658	3	https://soundcloud.com/hoa-vinh-113987816
1_93	JuongB Verified	Hoang Duong	Hanoi, Viet Nam	18	2	13.8K	38	https://soundcloud.com/juongbofficial
1_94	Thanh Trá»±c	Trá»±c Thanh	None	2	0	137	0	https://soundcloud.com/truc-thanh-588460558
2_95	@phwnguynn	None	None	21	0	50	1	https://soundcloud.com/phwnguynn
1_96	Duke Tran	Duke Tran	Nha Trang, Viet Nam	2	0	1,259	170	https://soundcloud.com/duketran88
2_97	Duy	Duy Nguyá»…n	None	3	1	3	7	https://soundcloud.com/nguy-n-duy-26730945
1_98	NaH	Haii Nguyen	hÃ  ná»™i, Viet Nam	2	1	979	1	https://soundcloud.com/nguyen-anh-haii
2_99	KitKat	DA HUGO	None	5	0	7	25	https://soundcloud.com/dahugo
2_100	itsjeongyn	Tien Trinh	Viet Nam	32	0	37	2	https://soundcloud.com/user-352253099
1_101	I'm SAN Verified	Nguyen Xuan Phuc	Ho Chi Minh, Viet Nam	29	0	29.5K	620	https://soundcloud.com/xuanphucsandjprod
2_102	Huy Tuáº¥n 14.07	Nguyá»…n Huy Tuáº¥n	HÃ  Ná»™i, Viet Nam	2	0	3	0	https://soundcloud.com/tu-n-nguy-n-huy-554947051
1_103	ThÆ°Æ¡ng TrÃ´i Dezzay	ThÆ°Æ¡ng TrÃ´i DJ 0356957819	HÃ  ná»™i, Albania	2	0	232	20	https://soundcloud.com/thuongyeuquyen162020
1_104	caoanh tuan	caoanh tuan	None	2	0	19	0	https://soundcloud.com/caoanh-tuan
2_105	The Paper Outlet	Paper Outlet	United States	53	0	790	3	https://soundcloud.com/thepaperoutlet
1_106	BÃŒNH SEVEN ( B7 )	BÃ¬nh Tá»‘ng ThiÃªn	VÅ©ng TÃ u, Viet Nam	2	0	123	10	https://soundcloud.com/t-ng-thi-n-b-nh-330807773
2_107	wan wan	BÃ© Ãnhh	Republic of Korea	26	1	8	4	https://soundcloud.com/nhh-b
1_108	Yang Remix (ChÃ­nh Chá»§)	DÆ°Æ¡ng HoÃ ng DÆ°Æ¡ng	Thai Nguyen, Viet Nam	34	0	375	12	https://soundcloud.com/d-ng-ho-ng-d-ng-421312179
8_109	Hippie Sabotage Verified	The Hippies	California, United States	212	7	297K	124	https://soundcloud.com/hippiesabotage
1_110	VUX	VÅ© Nguyá»…n	Viet Nam	13	0	4,169	1	https://soundcloud.com/vux0501
1_111	TK	Äá»— TrÆ°á»ng KhuÃª	Nam Äá»‹nh, Viet Nam	47	0	11.3K	150	https://soundcloud.com/khu-tr-ng-790123094
2_112	Vu Ngan My	None	Viet Nam	11	4	630	16	https://soundcloud.com/vunganmy
0_113	Äáº·ng Gia Linh	Äáº·ng Gia Linh	hÃ  ná»™i, Viet Nam	12	1	1,782	39	https://soundcloud.com/mickeyxxxminnie
1_114	Phi ThÃ nh Official Verified	Phi ThÃ nh Official	None	11	0	22.4K	49	https://soundcloud.com/phi-thanh-official
1_115	DJ Mike Hao	Mike Hao	Ho Chi Minh	17	0	58.7K	152	https://soundcloud.com/mike-hao-2989
1_116	Long Tu 0828444429	Anh Milano Entertainment	None	4	0	55	0	https://soundcloud.com/anh-milano-entertainment
0_117	Hieu Tran Music Producer	Hieu Tran	Ho Chi Minh City, Viet Nam	79	6	2,647	2	https://soundcloud.com/hieutranmusicproducer
1_118	DJ KATANA	Hinh Nguyá»…n	Ha Noi, Viet Nam	98	2	4,901	271	https://soundcloud.com/hinh-nguy-n-656438818
6_119	Khuzaima Bin Tahir	Khuzaima Tahir	None	1	0	421	88	https://soundcloud.com/khuzaima-bin-tahir
2_120	clarita	HÆ°Æ¡ng Thu	Viet Nam	32	1	904	0	https://soundcloud.com/thu-h-ng-738497191
6_121	Dockville	MS Dockville Festival 13.-15. August 2021	Hamburg, Germany	28	20	5,147	845	https://soundcloud.com/dockville
9_122	Steve Aoki Verified	Steve Aoki	Los Angeles, United States	1,318	59	4.14M	2	https://soundcloud.com/steveaoki
1_123	MSC LAK	Nguyen Hong Phan	Hoa Binh, Viet Nam	6	0	92	50	https://soundcloud.com/msclak
8_124	Proto	Ğ“Ğ¾Ñ€Ğ°Ğ½ ĞœĞ¸Ñ™Ğ°ĞºĞ¾Ğ²Ğ¸Ñ›	Belgrade, Serbia	16	2	5,592	22	https://soundcloud.com/officialproto
2_125	Thinh Pham	Thinh Pham	None	18	0	20	0	https://soundcloud.com/thinh-pham-770523063
1_126	JIANG	æ±Ÿâœ¿	None	28	1	561	9	https://soundcloud.com/c-h-a-n-g-724613134
2_127	I wuv U	None	HÃ  Ná»™i, Viet Nam	12	0	594	29	https://soundcloud.com/iwuvuofficial
2_128	olivierflora	None	hanoi, Viet Nam	20	2	1,607	74	https://soundcloud.com/olivierflora
1_129	BAO TENG	FB Nguyá»…n Gia Báº£o	None	2	1	24.9K	3	https://soundcloud.com/nguy-n-gia-b-o-482292588
8_130	DaeDalTm	None	Broward, FL	59	2	1,638	10	https://soundcloud.com/daedaltm
0_131	UNK-Team	UNKNOWN Team	None	33	8	2,238	136	https://soundcloud.com/unk-t
1_132	BroBear Remix	None	Sydney, Australia	12	2	27K	36	https://soundcloud.com/brobear89
2_133	Tráº§n Há»¯u Ã‚n	Ã‚n Tráº§n	Not, Viet Nam	17	0	1,717	240	https://soundcloud.com/n-tr-n-353477866
8_134	MugaTunes Releases Verified	Mugatunes Label	Official Releases	111	0	30K	1,992	https://soundcloud.com/mugatunes-vip
2_135	Khoa Äá»—	Khoa Äá»—	None	1	0	2	0	https://soundcloud.com/khoa-417397070
8_136	BLVD. Verified	None	None	38	9	7,161	295	https://soundcloud.com/blvdmusic
2_137	orekii	None	Australia	2	1	64	72	https://soundcloud.com/oreorekii
1_138	Tuáº¥n TrinXu âœª	Tuáº¥n TrinXu	None	31	0	8,457	315	https://soundcloud.com/tu-n-t-rin-xu
1_139	bac mt	None	None	3	0	887	1,170	https://soundcloud.com/user-665097464
2_140	SÆ¡n Hacker	None	None	10	0	91	0	https://soundcloud.com/user-693814701
1_141	0942400573	None	None	1	1	2,251	578	https://soundcloud.com/0942400573-518991315
2_142	JuongB Verified	Hoang Duong	Hanoi, Viet Nam	18	2	13.8K	38	https://soundcloud.com/juongbofficial
1_143	LDL Entertainment	LDL Entertainment	Viet Nam	13	0	674	4	https://soundcloud.com/ldlentertainment
5_144	Hippie Sabotage Verified	The Hippies	California, United States	212	7	297K	124	https://soundcloud.com/hippiesabotage
1_145	Minh TÃº	Há»©a TÃº	Hai Duong (34), Viet Nam	4	1	2,905	757	https://soundcloud.com/h-a-t-511862450
2_146	ğ™½ğš‘ğšŠÌ£ğšŒ ğ™»ğš˜Ì£ğš ğŸ¸	None	None	28	0	3,710	0	https://soundcloud.com/user-540857706
0_147	RPT Phongkhin Verified	pacman.	âš¯âš¡, Viet Nam	85	6	24K	81	https://soundcloud.com/pxcmxn
2_148	DJ Lincey âœª	DJ / Producer	Háº¡ Long , Viá»‡t Nam	3	0	1,132	139	https://soundcloud.com/phan-viet-linh
1_149	DJ TCT MUSIC - 0971345286	TCT Production	Ha Noi, Viet Nam	201	1	39.8K	37	https://soundcloud.com/tacongtung
7_150	Harold van Lennep Verified	Harold van Lennep	London, United Kingdom	31	0	15.2K	25	https://soundcloud.com/harold-van-lennep
2_151	BINK - Share Music	None	HaTinh City, Viet Nam	30	0	6,355	20	https://soundcloud.com/bin-kush-6666
4_152	vinternoon Verified	None	Republic of Korea	79	0	6,989	191	https://soundcloud.com/vinternoon
2_153	ThÆ°Æ¡ng TrÃ´i Dezzay	ThÆ°Æ¡ng TrÃ´i DJ 0356957819	HÃ  ná»™i, Albania	2	0	232	20	https://soundcloud.com/thuongyeuquyen162020
7_154	Hiatus Verified	Cyrus Shahrad	London	108	12	32.9K	0	https://soundcloud.com/hiatus
4_155	nuoyah	Hailey Kwon	Seoul, Republic of Korea	32	0	731	35	https://soundcloud.com/nuoyah
1_156	DÆ°Æ¡ng HoÃ ng Nam Anh	Nam Anh DÆ°Æ¡ng HoÃ ng	None	2	0	1,574	1	https://soundcloud.com/d-ng-ho-ng-nam-anh
2_157	I'M TIáº¾N CHIVAS ( CHÃNH CHá»¦ )	Chivas NÃ­ck Phá»¥ Tiáº¿n	Cá»§ Chi, TP HCM, Viet Nam	41	3	12.6K	951	https://soundcloud.com/chivas-n-ck-ph-ti-n
1_158	CÃ¡ Heo	Heo CÃ¡	None	2	0	233	1	https://soundcloud.com/heo-ca-83278007
4_159	kennytheking	íƒœí˜„ ê¹€	seoul, Republic of Korea	8	1	10.5K	55	https://soundcloud.com/kenny_the_king
1_160	BAO TENG	Bao Teng	None	5	0	14.2K	4	https://soundcloud.com/bao_teng-119868111
8_161	VAVO Verified	Alden & Jesse	Global	39	12	45.2K	0	https://soundcloud.com/vavomusic
4_162	ameba. Verified	None	DENVER COLORADO	69	1	9,356	1	https://soundcloud.com/amebaa
1_163	Phuc Duong	None	NewYork, United States	8	26	1,031	14	https://soundcloud.com/phuc-duong-2011
5_164	Proto	Ğ“Ğ¾Ñ€Ğ°Ğ½ ĞœĞ¸Ñ™Ğ°ĞºĞ¾Ğ²Ğ¸Ñ›	Belgrade, Serbia	16	2	5,592	22	https://soundcloud.com/officialproto
2_165	gau12	Lá»™c Pháº¡m VÄƒn	None	20	0	1,561	43	https://soundcloud.com/ph-m-v-n-l-c-38003313
0_166	YC Verified	None	Hanoi, Viet Nam	74	5	125K	47	https://soundcloud.com/youngcrizzal
4_167	zer0	personal info	Tokyo, Japan	34	8	4,722	34	https://soundcloud.com/yueunseo
2_168	Barow	VÅ© Báº£o	HÃ  Ná»™i, Viet Nam	2	0	73	18	https://soundcloud.com/djbarow
2_169	Äá»©c Nhá»	XuÃ¢n Äá»©c NgÃ´	Háº¡ Long, Viet Nam	5	0	641	30	https://soundcloud.com/ng-xu-n-c-540989587
5_170	DaeDalTm	None	Broward, FL	59	2	1,638	10	https://soundcloud.com/daedaltm
2_171	Nam Con	Nam Äáº·ng PhÆ°Æ¡ng	None	34	0	5,809	113	https://soundcloud.com/ng-ph-ng-nam-491839326
2_172	Tabu 2	Cung cáº¥p nháº¡c	Phone - zalo : 0929777712, Viet Nam	8	0	7,414	4	https://soundcloud.com/vu-nguyen-thanh
2_173	DJ TMK	Thanh TÃ¹ng	HÃ  Ná»™i, Viet Nam	4	3	2,251	834	https://soundcloud.com/h-thanh-t-ng-3
5_174	MugaTunes Releases Verified	Mugatunes Label	Official Releases	111	0	30K	1,992	https://soundcloud.com/mugatunes-vip
5_175	BLVD. Verified	None	None	38	9	7,161	295	https://soundcloud.com/blvdmusic
0_176	ğ‘ªğ’‚Ì€ ğ’‘ğ’‰ğ’†Ì‚ ğ’”ğ’–Ì›Ìƒğ’‚ (Ä‘Ã¡) â˜•	None	Viet Nam	16	1	1,854	10	https://soundcloud.com/caphesuad4
6_177	lewis watson Verified	Lewis Watson	Oxford, United Kingdom	161	1	20.5K	10	https://soundcloud.com/levvis
7_178	SpheriÃ¡ Verified	Lajos Baetzel	Germany	44	0	7,600	7	https://soundcloud.com/spheriamusic
4_179	4 20	None	somewhere in the moranas	7	0	509	23	https://soundcloud.com/highalchemy
0_180	BeeBB Verified	Jaunty Maniacs	HCMC, Viet Nam	223	3	14K	69	https://soundcloud.com/beebb
4_181	Somar	nathaniel	SJ, CA	18	3	3,354	303	https://soundcloud.com/leinahtansomar
8_182	City of the Sun Verified	None	New York City, United States	44	3	10.1K	0	https://soundcloud.com/cityofthesun
6_183	abacadaba	None	None	4	8	494	37	https://soundcloud.com/ch-nge
2_184	Son2M	SÆ¡n MÃ¡y MÃ³c	Ho Chi Minh City, Viet Nam	23	0	24.6K	22	https://soundcloud.com/s-n-m-y-m-c
7_185	MrSuicideSheep Verified	None	None	888	40	784K	1,995	https://soundcloud.com/mrsuicidesheep
2_186	IG:disco.gang	Kagura	Pnhom Penh, Cambodia	15	0	3,566	7	https://soundcloud.com/killthisdduddu
2_187	devil	devil h	None	15	0	1,660	99	https://soundcloud.com/anh-huy-203017392
2_188	Dao Xuan Hieu	I'm Xuan Hieu	Hai Duong - Hai Phong, Viet Nam	9	0	984	19	https://soundcloud.com/xuanhieudz
2_189	THANH HIEU	Nguyá»…n Thanh Hiáº¿u âœª	Ha Noi, Viet Nam	3	0	295	12	https://soundcloud.com/nguyenthanhhieuu
8_190	Barrett Marshall	None	Houston	37	0	5,468	855	https://soundcloud.com/barrett-marshall
0_191	Ronniboi	None	Melbourne, Australia	59	3	7,485	110	https://soundcloud.com/ronniboi
2_192	ThÃ¡i HÃ²a 4.0	hÃ²a hÃ²a	None	3	0	396	2	https://soundcloud.com/hoa-hoa-596491874
8_193	Sylvie Cox	None	San Francisco	15	0	182	27	https://soundcloud.com/sylvie-cox
2_194	Duy 2K ...	Duy 2K	MÃ³ng CÃ¡i - Quáº£ng Ninh, Viet Nam	27	0	2,318	405	https://soundcloud.com/2k-duy
2_195	DJ HOÃ€NG HIá»†P	HoÃ ng Hiá»‡p	None	8	0	5,056	505	https://soundcloud.com/djhoanghiep
8_196	28mm	None	Los Angeles, CA	19	24	868	387	https://soundcloud.com/its28mm
2_197	Nguyá»…n Tiáº¿n ThÃ nh	é˜®è¿› æ¸…	None	29	0	1,337	89	https://soundcloud.com/cay-keo-vang
5_198	VAVO Verified	Alden & Jesse	Global	39	12	45.2K	0	https://soundcloud.com/vavomusic
2_199	ğ‹ğ¢ğ§	None	Viet Nam	7	0	2,728	17	https://soundcloud.com/lin2002
4_200	Ampoff	Goodmorning pancake	None	43	0	5,026	18	https://soundcloud.com/itsampoff
0_201	NOT AFRAID MUSIC Verified	None	Hanoi, Viet Nam	54	4	9,458	3	https://soundcloud.com/notafraidofficial
2_202	Triple T	None	None	9	0	951	299	https://soundcloud.com/tu-to-326303938
6_203	Shirkinerd	None	None	18	3	555	20	https://soundcloud.com/shirkinerd
4_204	Soulitune	Kid in Seoul	Seoul, Republic of Korea	46	0	1,823	151	https://soundcloud.com/soulitunehere
2_205	BÃŒNH SEVEN ( B7 )	BÃ¬nh Tá»‘ng ThiÃªn	VÅ©ng TÃ u, Viet Nam	2	0	123	10	https://soundcloud.com/t-ng-thi-n-b-nh-330807773
4_206	Phlowerie	Phlowerie	Houston, United States	14	0	719	118	https://soundcloud.com/phlowerie
4_207	DIDI_CAT	Kyungjin Lee	Daejeon, Republic of Korea	41	1	2,064	99	https://soundcloud.com/didi_cat
2_208	TÃ i RÃ¹a âœª	None	None	19	14	11K	1,144	https://soundcloud.com/tai-ruadz
6_209	Fahriel Tumulo Hemeto	Fahriel Hemeto	Gorontalo , Indonesia	22	0	369	4	https://soundcloud.com/fahriel-tumulo-hemeto
4_210	midnightcoaster	SY Kim	Seoul	23	1	864	48	https://soundcloud.com/midnightcoaster
6_211	TWICEYOUNG	None	Nashville, United States	18	2	1,913	0	https://soundcloud.com/twiceyoung
0_212	TÃ™A Verified	Quynh Nhu Tran	Sai Gon, Viet Nam	9	1	5,492	8	https://soundcloud.com/quynhdotua
4_213	iwamizu Verified	None	Nagoya, Japan	20	1	15.5K	0	https://soundcloud.com/iwamizu
0_214	odayconhacthuii	None	None	9	0	1,184	2	https://soundcloud.com/odayconhacthuii
0_215	Kimmese Verified	Cam Le Quach	Hanoi, Viet Nam	38	4	32.2K	31	https://soundcloud.com/kimmese
6_216	Jaz	Jaz	None	6	4	606	99	https://soundcloud.com/l4b3lm3n0t
4_217	MasterClass	NoiseSymphony	Seoul, Republic of Korea	112	2	3,057	5	https://soundcloud.com/noisesymphony
4_218	Lili & Dylan	None	None	48	6	303	6	https://soundcloud.com/user-347760868
1_219	ğ‘ªğ’‚Ì€ ğ’‘ğ’‰ğ’†Ì‚ ğ’”ğ’–Ì›Ìƒğ’‚ (Ä‘Ã¡) â˜•	None	Viet Nam	16	1	1,854	10	https://soundcloud.com/caphesuad4
5_220	City of the Sun Verified	None	New York City, United States	44	3	10.1K	0	https://soundcloud.com/cityofthesun
0_221	M.anh	Anh Minh	HO CHI MINH , Viet Nam	19	1	6,918	133	https://soundcloud.com/minh-anh-31
1_222	Edward Dang	Äáº·ng Anh Äá»©c	Hanoi, Viet Nam	8	0	29	10	https://soundcloud.com/hiphopboyvns6
6_223	c andrea	None	None	4	1	199	0	https://soundcloud.com/c-andrea
1_224	Nháº¡c Hot TikTok	None	None	6	0	274	0	https://soundcloud.com/nhan133
0_225	VUX	VÅ© Nguyá»…n	Viet Nam	13	0	4,169	1	https://soundcloud.com/vux0501
1_226	The Wolf	L Trn.	None	6	0	21	0	https://soundcloud.com/ltrnnnnnn
0_227	Edward Dang	Äáº·ng Anh Äá»©c	Hanoi, Viet Nam	8	0	29	10	https://soundcloud.com/hiphopboyvns6
5_228	Barrett Marshall	None	Houston	37	0	5,468	855	https://soundcloud.com/barrett-marshall
1_229	Hustlang Winno ğŸ‰ğŸ	HoÃ ng Long Nguyá»…n	Da Nang, Viet Nam	25	0	10.2K	241	https://soundcloud.com/winnodamidside
6_230	Corey Michael Couturier	Corey Couturier	None	2	6	164	62	https://soundcloud.com/coreycouturier
0_231	Cloud 5	Hong Son Do	None	8	0	793	32	https://soundcloud.com/h-ng-s-nn-505395159
5_232	Sylvie Cox	None	San Francisco	15	0	182	27	https://soundcloud.com/sylvie-cox
1_233	PhÆ°á»£ng HÃ­p	HOANG DANG PHUONG	Viet Nam	25	0	4,047	9	https://soundcloud.com/ho-ng-ng-ph-ng-236057515
0_234	Cofm â™«	LÃª Minh Chá»©c	HÃ  Ná»™i, Viet Nam	32	7	2,047	100	https://soundcloud.com/leminhchuc
1_235	Yuh.1396	HoÃ ng ThÃºc Huy	hcmc, Viet Nam	7	0	9	10	https://soundcloud.com/ho-ng-th-c-huy
2_236	lam sung	lam sung	None	3	0	89	3	https://soundcloud.com/kh-nh-linh-t-ng-709865538
5_237	28mm	None	Los Angeles, CA	19	24	868	387	https://soundcloud.com/its28mm
1_238	Kane	Khanh Tran	None	4	3	261	0	https://soundcloud.com/phu-khanh-602508529
2_239	ğ‘»ğ‘°ğ‘¬ğ‘µğ‘«ğ‘¶	TIÃŠÌN Äá»– â­	Báº£o Lá»™c, Viet Nam	27	2	1,593	810	https://soundcloud.com/tidoprod1
4_240	Michael Cieri	None	Washington D.C.	9	1	333	23	https://soundcloud.com/cierim
2_241	CÃ¡ Heo	Heo CÃ¡	None	2	0	233	1	https://soundcloud.com/heo-ca-83278007
2_242	CÃ´ng TÃº âœª	None	HÃ  Ná»™i, Viet Nam	2	0	17.4K	1,030	https://soundcloud.com/congt996
4_243	SWEETCH	SWEETCH	Seoul	8	0	627	65	https://soundcloud.com/wonkyu-jang
8_244	Julien Pastel	None	None	3	0	311	7	https://soundcloud.com/julienpastel
2_245	anh nhac	anh hung	HCM, Viet Nam	31	0	964	0	https://soundcloud.com/anh-hung-767694565
4_246	â€jdnhntâ€	None	4213 4581 4226 4228 4223 4012	54	1	894	66	https://soundcloud.com/jdnhnt
6_247	mariajoaoribeiro	Maria JoÃ£o AraÃºjo Ribeiro	Braga, Portugal	3	0	214	0	https://soundcloud.com/mariajoaoribeiro
1_248	Cam	camdeyah_	None	19	2	72	25	https://soundcloud.com/lysm-h-u-cao-c
2_249	Noizy	None	Viet Nam	26	4	5,123	38	https://soundcloud.com/noizy79
6_250	extensionmusic	Extension Music	Los Angeles, United States	2	12	354	0	https://soundcloud.com/extensionmusic-1
4_251	RYCE Verified	None	None	49	2	5,818	532	https://soundcloud.com/noeldac
1_252	Nháº¡c Chill	Nguyá»…n Ngá»c Tháº£o	None	137	7	1,135	0	https://soundcloud.com/th-o-nguy-n-ng-c-379275796
0_253	Nyctophilia	by Haustek Agency	Hanoi	379	6	2,516	101	https://soundcloud.com/nyctophilia_vn
8_254	Alex Cruz Verified	Alex Cruz	Amsterdam, Netherlands	87	88	127K	879	https://soundcloud.com/alexcruz
4_255	Jaeeun	jaeeun kim	Seoul, Republic of Korea	9	0	1,005	17	https://soundcloud.com/jennuarjennuary
2_256	Thanh Trá»±c	Trá»±c Thanh	None	2	0	137	0	https://soundcloud.com/truc-thanh-588460558
4_257	halberd	None	None	34	6	11.7K	489	https://soundcloud.com/lilpolearm
2_258	GUANG	None	Hanoi, Viet Nam	13	2	4,276	110	https://soundcloud.com/guangmusicofficial
9_259	Kaskade Verified	Kaskade	West Coast, United States	590	13	1.48M	16	https://soundcloud.com/kaskade
2_260	Nhism	None	Hai Phong City	3	0	323	11	https://soundcloud.com/nh-i-s-m-52305654
2_261	KeeBinMix	VINAHOUSE	Viet Nam	16	0	1,635	113	https://soundcloud.com/khanh-vo-822210715
2_262	YoungM XauTrai	None	lÃ o cai city, Viet Nam	1	0	32	0	https://soundcloud.com/user-544971599
6_263	Vanguard Records Verified	Vanguard Records	Los Angeles, United States	355	3	2.15M	24	https://soundcloud.com/vanguard-records
7_264	ArenaNet	ArenaNet LLC	Bellevue, United States	251	20	13.6K	0	https://soundcloud.com/arenanet
0_265	Äáº¡c â˜	Ngu Äáº¡c	United States	6	3	487	114	https://soundcloud.com/c-kh-ng-ngu-257845151
2_266	Pee Quang	Quang Minh	Viet Nam	2	0	316	12	https://soundcloud.com/minh-quang-713948165
2_267	Long Nguyen Bui	None	None	4	1	592	1,440	https://soundcloud.com/longnguyenbui
2_268	CÃ´ng ThÃ nh - 0794024410	CÃ´ng ThÃ nh	None	4	0	300	5	https://soundcloud.com/cong-thanh-151379930
4_269	sokodomo	ì†Œì½”ë„ëª¨	South Pole, Antarctica	26	2	20.3K	58	https://soundcloud.com/sokodomo
6_270	Winter D	Mai Vy	HaNoi, Viet Nam	1	0	226	5	https://soundcloud.com/mai-chan-2
6_271	Victor Gutchiewsk	Victor Gutchiewsk	None	9	2	197	78	https://soundcloud.com/victor-gutchiewsk
2_272	Westcoast Radio (EDM) Verified	Curated by DJ MTK	San Diego | L.A. | S.F.	37	41	48.8K	1,977	https://soundcloud.com/digitalstreams
1_273	ğ“—ğ“¸ğ“ªÌ€ğ“·ğ“° ğ“¨ğ“®Ì‚Ìğ“· ğ“œğ“¾ğ“¼ğ“²ğ“¬	Äáº¡i Tráº§n	pnom penh, Cambodia	19	1	227	9	https://soundcloud.com/tr-n-v-ng-i
4_274	Q_the_Trumpet	None	Seoul	39	3	873	223	https://soundcloud.com/q_the_trumpet
5_275	Julien Pastel	None	None	3	0	311	7	https://soundcloud.com/julienpastel
6_276	Luke Sital-Singh Verified	Luke Sital-Singh	London	96	4	8,386	19	https://soundcloud.com/lukesitalsingh
0_277	PhuBinh	Binh Nguyen Phu	HoChiMinh, Viet Nam	6	1	1,822	6	https://soundcloud.com/080201271100
1_278	Hiderway Verified	This is Hiderway	Ho Chi Minh City, Viet Nam	29	4	4,748	6	https://soundcloud.com/hiderway
0_279	NH4T	None	Viet Nam	32	1	454	0	https://soundcloud.com/nh4t-entertainment
5_280	Alex Cruz Verified	Alex Cruz	Amsterdam, Netherlands	87	62	127K	879	https://soundcloud.com/alexcruz
0_281	MMusic	None	None	35	0	123	0	https://soundcloud.com/metubmusic
4_282	S-ilo Verified	None	MalmÃ¶	263	4	7,073	145	https://soundcloud.com/s-ilo
0_283	DJ TCT MUSIC - 0971345286	TCT Production	Ha Noi, Viet Nam	201	1	39.8K	37	https://soundcloud.com/tacongtung
6_284	Save Rock and Roll	Peach Dixon	None	46	1	405	7	https://soundcloud.com/peach-dixon
1_285	Láº¡i Trung NguyÃªn	NguyÃªn Láº¡i Trung	None	9	3	42	76	https://soundcloud.com/l-i-trung-nguy-n
0_286	Sunny	Tuáº¥n Anh Nguyá»…n	komaki, Japan	14	0	84	0	https://soundcloud.com/nguy-n-tu-n-anh-895708401
6_287	Gregory Alan Isakov Verified	suitcase town	Denver, United States	41	0	11.4K	0	https://soundcloud.com/suitcasetown
6_288	nettleandhoney	Samantha Kreeger	Sarasota, United States	2	0	90	6	https://soundcloud.com/ohwanderlustdreams
0_289	*+ slowed vibes +**	None	OG	51	0	698	4	https://soundcloud.com/slowedxxl
6_290	MA259	LÃª HoÃ n Anh	Há»“ ChÃ­ Mi, Viet Nam	2	0	107	1	https://soundcloud.com/ma259
0_291	ğŸ¹ ğŸ· ğŸ¶ ğŸ½	None	ha noi	12	0	1,139	0	https://soundcloud.com/user-801131155
4_292	draf (follow @draf2k!!!!)	None	None	61	1	2,269	636	https://soundcloud.com/draffish
6_293	adamagin	Adam Agin	Nashville, United States	15	1	621	1	https://soundcloud.com/adamagin
0_294	TIEN TIEN Verified	TIEN	None	16	0	50.7K	10	https://soundcloud.com/tientienofficial
0_295	sponcy	Tráº§n Táº¥n TÃ i	Ho Chi Minh City, Viet Nam	4	6	392	20	https://soundcloud.com/tr-n-t-n-t-i-897892055
1_296	Vinh Nguyá»…n	Vinh Nguyá»…n	Háº­u Giang 95	2	0	566	24	https://soundcloud.com/vinh-tr-n-313881499
6_297	Christina Agamanolis	Christina Agamanolis	Fresno, United States	16	1	75	0	https://soundcloud.com/christina-agamanolis
1_298	Háº£o HÃ¡n	NCÄ Remix	Nghá»‡ An, Viá»‡t Nam	39	0	59	11	https://soundcloud.com/nc-remix-273885611
4_299	Elijah Lee	[ì´ì œì€],	For your soul,	17	2	2,031	207	https://soundcloud.com/elijahleebeats
1_300	I'm HoÃ ng Hiá»‡p âœª â˜‘ï¸	Facebook HoÃ ng Hiá»‡p	City Thanh HÃ³a, Viet Nam	16	0	1,158	561	https://soundcloud.com/ho-ng-hi-p-439051531
6_301	GreenArchives	Stacia Green	None	6	3	109	29	https://soundcloud.com/stacia-l-green
1_302	clarita	HÆ°Æ¡ng Thu	Viet Nam	32	1	904	0	https://soundcloud.com/thu-h-ng-738497191
1_303	ğŸ¹ ğŸ· ğŸ¶ ğŸ½	None	ha noi	12	0	1,139	0	https://soundcloud.com/user-801131155
9_304	Zedd Verified	None	Los Angeles, United States	160	5	4.26M	10	https://soundcloud.com/zedd
7_305	JOHNNY JEWEL Verified	JOHNNY JEWEL	Los Angeles, United States	216	0	54.4K	0	https://soundcloud.com/johnnyjewel
4_306	AwGeezRick	Alberto	Milano, Italy	6	7	270	43	https://soundcloud.com/awgeezrick
1_307	Huy HoÃ ng	Huy HoÃ ng	XÃ£ ÄÃ´ng Sang, Báº£n Ãng, SÆ¡n La, Má»™c, Viet Nam	6	2	28	0	https://soundcloud.com/huy-hoang-672012367
7_308	angelo_mikha Verified	Mikha Angelo	Jakarta, Indonesia	36	3	36.7K	213	https://soundcloud.com/angelo-mikha
6_309	Nettwerk Music Group Verified	None	Los Angeles	3,070	5	54.1K	101	https://soundcloud.com/nettwerkmusicgroup
0_310	Orion Bui	Orion Bui	HCM, Viet Nam	47	1	261	6	https://soundcloud.com/orion-bui
1_311	Danh	Danh	None	15	3	11	1	https://soundcloud.com/danh-20cm
0_312	Touliver Verified	None	None	181	2	171K	68	https://soundcloud.com/touliver
7_313	"""Evgeny Grinko"""	Evgeny Grinko	zhukovsky	43	0	16.7K	4	https://soundcloud.com/evgeny-grinko
7_314	Gooshe5	None	Tehran, Islamic Republic of Iran	37	0	3,896	1	https://soundcloud.com/gooshe5
9_315	David Guetta Verified	David Guetta	Paris, France	653	16	2.39M	8	https://soundcloud.com/davidguetta
0_316	ZRecords	None	Ho Chi Minh city, Viet Nam	49	1	666	21	https://soundcloud.com/r-e-cords-z-z-z-1
1_317	ğŸ£ Lai Louis ğŸ£	Lai Louis	None	7	0	2,967	13	https://soundcloud.com/lai-louis-193361200
7_318	Benny Martin Piano	Benny Martin	Melbourne, Australia	330	11	8,516	14	https://soundcloud.com/bennymartinpianist
1_319	DARLING	None	Háº¡ long and HÃ  ná»™i, Viet Nam	14	0	863	12	https://soundcloud.com/hoai-linh-946093491
6_320	super nerdy@_@	amira azura	Malaysia	1	0	46	0	https://soundcloud.com/super-nerdy
0_321	The Wolf	L Trn.	None	6	0	21	0	https://soundcloud.com/ltrnnnnnn
1_322	boy in da hood	None	HÃ  Ná»™i, Viet Nam	7	1	138	6	https://soundcloud.com/dgthanhdong
0_323	buitruonglinh	BÃ¹i TrÆ°á»ng Linh	Há»“ ChÃ­ Minh, Viet Nam	6	0	10.4K	33	https://soundcloud.com/b-i-linh-7
6_324	St. South Verified	Olivia Gavranich	Fremantle, Australia	17	4	12K	292	https://soundcloud.com/stsouth
0_325	ShenlongZ Verified	None	Nha Trang, Viet Nam	68	1	20.4K	1,963	https://soundcloud.com/shenlong_production
1_326	NgÃ¢n	Há»“ng NgÃ¢n	HÃ  Ná»™i	4	0	0	0	https://soundcloud.com/nh-c-au-th-ng
1_327	EREN	None	Saigon, Viet Nam	9	1	1,776	0	https://soundcloud.com/erendielit
0_328	Äá»©c Anh	Äá»©c Anh	None	24	1	581	4	https://soundcloud.com/c-anh-454286221
4_329	sehooninseoul	None	seoul	46	1	18.1K	58	https://soundcloud.com/sehooninseoul
1_330	Nguyá»…n Linh Äan	Linh Äan Nguyá»…n	HÃ  Ná»™i, Viet Nam	2	4	2	4	https://soundcloud.com/nguy-n-linh-an-514960855
0_331	Dreamble	Dreamble	@DaLat & Saigon, Viet Nam	9	0	995	5	https://soundcloud.com/drmv4aug
4_332	JaY PaLaCe	@souljapalace	Canada	43	6	87	36	https://soundcloud.com/jaypalace
6_333	waltermartinmusic Verified	Walter Martin	United States	53	0	2,113	0	https://soundcloud.com/waltermartinmusic
0_334	CM1X Verified	Pham Nguyen Duc Anh	Ho Chi Minh, Viet Nam	95	5	23.4K	222	https://soundcloud.com/cm1x
6_335	DumontDumont	None	Stockholm, Sweden	9	2	6,522	158	https://soundcloud.com/dumontdumont
1_336	Zeit Record	Zeit Record	Hanoi, Viet Nam	15	2	7,163	0	https://soundcloud.com/sithesound
6_337	Jabeyta87	None	None	13	1	197	13	https://soundcloud.com/jabeyta87
0_338	fishy	None	atlantis	6	0	2,044	12	https://soundcloud.com/fishy1301
1_339	QuÃ½ Anh	nguyenquocdai2000mn	None	34	1	56	2	https://soundcloud.com/nguyenquocdai2000mn
0_340	LuxÃ¸fons	n g u y e n v a n q u y e n	h a n o i	46	1	2,110	123	https://soundcloud.com/luxofons
6_341	Passenger Verified	Passenger	Brighton	302	5	180K	25	https://soundcloud.com/passengerofficial
4_342	Inu(ã„ã¬)	ã‚ã‚ŠãŒã¨ã†ã”ã–ã„ã¾ã™	ã™ã”ã„ã‚ˆã­	14	0	491	35	https://soundcloud.com/inueatmuffin
4_343	Hujili Verified	WHO-GEE-LEE	OREGONE	64	4	3,522	119	https://soundcloud.com/hujili
0_344	Anh Minh	Tui Tráº£	Canada	23	10	1,958	24	https://soundcloud.com/tr-n-cho-tui
1_345	15 Music	None	Háº£i PhÃ²ng, Viet Nam	1	0	56	0	https://soundcloud.com/user-952104761
9_346	steveangello Verified	Steve Angello	Stockholm, Sweden	166	6	3.39M	1	https://soundcloud.com/steveangello
1_347	Tunalee_06	None	None	19	1	88	0	https://soundcloud.com/user-790472098
7_348	Point Point Verified	Ê‡uÄ±oÔ€ Ê‡uÄ±oÔ€ âšˆâšˆ	None	81	7	99.2K	6	https://soundcloud.com/pointpoint
1_349	Kháº¯c Chiáº¿n	Chiáº¿n Kháº¯c	Viet Nam	3	0	534	7	https://soundcloud.com/kh-c-chi-n-688484715
6_350	Nick Mulvey Verified	Nick Mulvey	London, United Kingdom	64	1	454K	9	https://soundcloud.com/nick-mulvey
1_351	Trá»‹nh Minh ThÆ°	Thu Trinh	ThÃ nh Phá»‘ Há»“ ChÃ­ Minh, Há»“ ChÃ­ Minh, Viet Nam	2	0	107	0	https://soundcloud.com/thu-trinh-212822434
4_352	homework	None	zach // san diego	53	0	2,409	429	https://soundcloud.com/homeworksound
1_353	ASTN	None	Panama City, United States	59	2	6,249	67	https://soundcloud.com/astnmusic
4_354	nawhij(ë‚˜ìš°íˆì¦ˆ)	None	ulsan	55	2	10.8K	390	https://soundcloud.com/nawhij
6_355	AaronSu	Aaron Shen	ChongQing, China	1	0	64	13	https://soundcloud.com/aaronsu
6_356	Masih Rahmati	Masih Rahmati	New York, United States	11	1	374	94	https://soundcloud.com/masih-rahmati
1_357	L2Shareâ™«140	None	None	35	0	2,884	97	https://soundcloud.com/l2share140
1_358	HoÃ ng VÆ°Æ¡ng	None	None	22	0	14	0	https://soundcloud.com/hoangvuong
9_359	Stromae Verified	None	None	63	0	78.8K	0	https://soundcloud.com/stromae
6_360	Canvasback	Canvasback Music	New York, United States	34	3	3,034	0	https://soundcloud.com/canvasback
4_361	Doshe	None	None	15	0	647	13	https://soundcloud.com/fs5hagnkzsq8
1_362	Quang TrÆ°á»ng	TrÆ°á»ng Quang	None	4	0	22	20	https://soundcloud.com/quang-tr-ng-338858986
4_363	Rythmatical	None	SJ, CA	58	1	5,031	35	https://soundcloud.com/xt3chniqs
9_364	HARDWELL Verified	Robbert Hardwell	Breda, Netherlands	580	6	1.92M	9	https://soundcloud.com/hardwell
1_365	SÆ¡nSosad	SÆ¡n ÄoÃ n	Viet Nam	13	5	24	6	https://soundcloud.com/user-340653477
7_366	JRhodesPianist	James Rhodes	London, United Kingdom	29	1	53.2K	0	https://soundcloud.com/jrhodespianist
4_367	ì´ì¬ì² 	None	ì„œìš¸	12	0	4,436	203	https://soundcloud.com/chilllly
4_368	EarlJam	None	Melbourne, Australia	17	1	217	208	https://soundcloud.com/earljam-au
0_369	ğš‘ğšğš ğš—ğš	HÆ°ng VÅ©	hanoi, Viet Nam	12	4	624	0	https://soundcloud.com/h-ng-v-787579738
6_370	RY X Verified	RY X	Los Angeles, United States	70	1	40.4K	6	https://soundcloud.com/ry-x
7_371	Dirk Maassen Verified	Dirk Maassen	Ulm, Germany	236	26	18.4K	226	https://soundcloud.com/ascoltadi
4_372	Coffy	None	It's Coffy time! â˜•	8	2	1,480	39	https://soundcloud.com/coffymusic
6_373	Dariush.	HDARIUSH0g	None	12	1	2,221	346	https://soundcloud.com/dariush0
6_374	Astronaut Husband	Alec Grefe	Merrill, WI, United States	48	1	1,507	35	https://soundcloud.com/astronauthusband
1_375	Hong Lien	LiÃªn Há»“ng	None	5	0	3	37	https://soundcloud.com/h-ng-li-n-359631002
9_376	martinsolveig Verified	Martin Solveig	Paris	301	2	1.07M	203	https://soundcloud.com/martinsolveig
1_377	PhÆ°Æ¡ngDubai	Äá»— NguyÃªn PhÆ°Æ¡ng	None	27	0	43	0	https://soundcloud.com/ph-ng-280873340
4_378	woonso	None	None	15	3	6,631	264	https://soundcloud.com/woonsodesu
0_379	Onionn. Verified	None	District-8 / PSYKOUGANG / H-town	29	7	32.5K	416	https://soundcloud.com/onionn
1_380	â™«Skrindoà°Œ	KhÃ¡nh Nguyá»…n VÄƒn	Báº¯c Giang, Viet Nam	17	1	17	17	https://soundcloud.com/user-819623232
6_381	Canyon City Verified	None	None	46	3	934	0	https://soundcloud.com/canyon-city
9_382	Deadmau5isawesome	HERPINA DERPINA	lolol land, Afghanistan	2	0	1,037	0	https://soundcloud.com/deadmau5isawesome
1_383	Njkay PNE	Njkay PNE	None	10	0	40	0	https://soundcloud.com/njkay-pne
1_384	Maxzzzxx	Äá»©c Máº¡c Minh	None	16	0	44	3	https://soundcloud.com/user-639373605
2_385	solomun Verified	Mladen Solomun	Portugal	99	0	688K	1	https://soundcloud.com/solomun
4_386	JazzyHan	Choi Junghan	Seoul, Democratic People's Republic of Korea	71	4	1,181	19	https://soundcloud.com/jazzyhan
1_387	Mai DÅ©ng	Mai DÅ©ng	nghÄ©a lá»™, Viet Nam	5	0	72	2	https://soundcloud.com/mai-d-ng-542126627
9_388	Azureon: Surge Verified	None	World	473	31	520K	16	https://soundcloud.com/housemusic
2_389	Destructo Verified	Destructo	Earth	89	4	126K	744	https://soundcloud.com/destructoamf
1_390	hikar	Khai Khai	Sai` Gon`, Viet Nam	1	0	2	11	https://soundcloud.com/c-c-i-787550180
1_391	Long Nguyá»…n	Fan cris28/1	None	18	0	837	1	https://soundcloud.com/fan-cris28-1
6_392	Jean Claude 5	Jean Claude	None	3	35	2,819	47	https://soundcloud.com/jean-claude-4
1_393	ğš‘ğšğš ğš—ğš	HÆ°ng VÅ©	hanoi, Viet Nam	12	4	624	0	https://soundcloud.com/h-ng-v-787579738
0_394	Kewtiie Verified	None	None	10	0	18.9K	21	https://soundcloud.com/kwthw
4_395	J e z i k a â™¡	None	Sydney, Australia	0	5	10.2K	675	https://soundcloud.com/its-jezika-bruh
0_396	mix199 Official	mix199 Official	None	4	1	527	0	https://soundcloud.com/mix199com
0_397	H.A Music B	H.A Music B	United States	12	1	81	11	https://soundcloud.com/h-a-music-b
1_398	DJ TuSo Verified	TÃº TriÃªu Huy	Ha Noi	45	0	11.4K	1	https://soundcloud.com/dj_tuso
0_399	HIEUTHUHAI Verified	The 1st GERDNANG	None	16	1	40.1K	95	https://soundcloud.com/hieuthuhai
5_400	Chillhop Music Verified	Your Daily Chilled Vibes!	Rotterdam, Netherlands	637	24	177K	989	https://soundcloud.com/chillhopdotcom
1_401	Crask	Nguyen Vu Khuong	Ho Chi Minh, Viet Nam	16	0	141	5	https://soundcloud.com/crasknvk
2_402	Digital Records Verified	Indie Label	San Diego	24	86	19.5K	1,255	https://soundcloud.com/officialdigitalrecords
1_403	+***3	None	OG	18	0	65	3	https://soundcloud.com/slowedx3
1_404	victor	Huynh Nguyen	None	3	3	6	0	https://soundcloud.com/huynh-nguyen-719907634
0_405	mnhat.peo	I Am Japand	None	12	3	1,746	56	https://soundcloud.com/japannezz
3_406	Kaskade Verified	Kaskade	West Coast, United States	590	13	1.48M	16	https://soundcloud.com/kaskade
4_407	TEEMID Verified	None	Paris, France	50	6	95.7K	93	https://soundcloud.com/teemid
8_408	Chillhop Music Verified	Your Daily Chilled Vibes!	Rotterdam, Netherlands	637	24	177K	989	https://soundcloud.com/chillhopdotcom
0_409	Hawys. Verified	None	vietnam	38	3	9,189	0	https://soundcloud.com/hawysmusic
1_410	iamboyyy	None	Rach Gia city, Viet Nam	3	0	4	11	https://soundcloud.com/user-623132120
1_411	CaoTri	Cao Tri Nguyen Huynh	None	14	1	139	0	https://soundcloud.com/caotriprod
1_412	ZonWave Verified	None	Hai Phong, Viet Nam	32	2	12K	632	https://soundcloud.com/zonwave
0_413	TrÃ­ Beat	TrÃ­ Beat	ThÃ¡i BÃ¬nh , Viet Nam	13	1	669	25	https://soundcloud.com/tri-beat
7_414	CATCHING FLIES Verified	None	London	84	8	41.7K	179	https://soundcloud.com/catchingfliesmusic
4_415	Henri PFR Verified	Henri Peiffer	Bruxelles, Belgium	52	0	36.8K	195	https://soundcloud.com/henri-pfr
1_416	itsjeongyn	Tien Trinh	Viet Nam	32	0	37	2	https://soundcloud.com/user-352253099
0_417	I'm Trung Ngon âœ…	nguyá»…n Trung	Há»“ ChÃ­ Minh, Viet Nam	51	1	1,197	324	https://soundcloud.com/lu-lao-leu
4_418	Kungs Verified	None	France	56	0	142K	400	https://soundcloud.com/kungsmusic
1_419	DÆ°Æ¡ng Trá»ng NghÄ©a ( Acc Phá»¥ )	None	None	1	0	15	3	https://soundcloud.com/user-211474255
4_420	Disclosure Verified	None	None	167	8	1.34M	831	https://soundcloud.com/disclosuremusic
1_421	ilysm.pcy ğ¤€	My Sayhi	Tiá»n Giang, H. GÃ² CÃ´ng TÃ¢y, Viet Nam	33	0	606	0	https://soundcloud.com/my-sayhi
0_422	ğŸ­ ğŸµ ğŸ´ ğŸ¬ ğ˜¾ğ™ğ™ğ™¡ğ™¡	Tráº¡m Nháº¡c CÅ©	Nha Trang, Viet Nam	8	0	36	1	https://soundcloud.com/tr-m-nh-c-c
1_423	Nguyá»…n Äáº¡t	ThÃ nh Äáº¡t Nguyá»…n	Fb : 0932683002	1	0	78	6	https://soundcloud.com/th-nh-t-nguy-n-85477439
0_424	VRT Verified	None	Ho Chi Minh, Viet Nam	24	0	2,524	17	https://soundcloud.com/officialvrt
0_425	LV	None	Sam Son, Thanh Hoa, Viet Nam	5	0	1,320	1	https://soundcloud.com/21l0i
1_426	Dvr Vigorous	Dvr Vigorous	None	1	3	3	17	https://soundcloud.com/dvr-vigorous
0_427	Wan Vin	Vinh Tráº§n Quang	ÄÃ  Náºµng, Viet Nam	12	0	9	1	https://soundcloud.com/tr-n-quang-vinh-808075619
0_428	DARLING	None	Háº¡ long and HÃ  ná»™i, Viet Nam	14	0	863	12	https://soundcloud.com/hoai-linh-946093491
0_429	DSmall Verified	None	None	83	3	36.3K	36	https://soundcloud.com/dsmallofficial
1_430	Right	None	Viet Nam	16	1	5,240	38	https://soundcloud.com/right_97
3_431	Tommy Trash Verified	Tommy Trash	Los Angeles, United States	251	13	293K	83	https://soundcloud.com/tommytrash
7_432	Rehan Khan 55	Rehan Khan	None	0	4	5,746	13	https://soundcloud.com/rehan-khan-55
1_433	MonTwo	Ä‘Ã¢y ko cÃ³ nick	Hanoi, Viet Nam	20	0	6	0	https://soundcloud.com/y-ko-c-nick
1_434	iohk	KhÃ´i KhÃ´i	New York, Viet Nam	7	0	11	14	https://soundcloud.com/khoi-493997539
9_435	Chris Lake Verified	Chris Lake	Los Angeles, United States	155	7	271K	12	https://soundcloud.com/chrislake
0_436	mnhien	Minh Hien	Ho Chi Minh, Viet Nam	2	3	64	11	https://soundcloud.com/justmhien04
1_437	L2ShareTWICEâ™«2	None	None	51	0	5,291	82	https://soundcloud.com/l2sharetwice2
1_438	Thinh Pham	Thinh Pham	None	18	0	20	0	https://soundcloud.com/thinh-pham-770523063
1_439	Nam	Nam ÄoÃ n PhÆ°Æ¡ng	None	1	0	3	0	https://soundcloud.com/o-n-ph-ng-nam-30126250
1_440	ğš’ ğš‘ğšŠğšŸğš ğšŠ ğšœğš•ğš˜ğš ğšğš ğšœğš˜ğš—ğš	Nguyá»…n ToÃ n	Viet Nam	37	2	4,129	3	https://soundcloud.com/nguy-n-to-n-401524044
0_441	Tunalee_06	None	None	19	1	88	0	https://soundcloud.com/user-790472098
7_442	larrysklai	law lai	singapore, Singapore	2	5	687	0	https://soundcloud.com/larrysklai
4_443	This Never Happened Verified	None	None	570	99	203K	341	https://soundcloud.com/thisneverhappenedlabel
0_444	Andiez Verified	None	None	54	0	51.6K	25	https://soundcloud.com/andiez95
7_445	nithoukhan	Inayat Ullah Khan	Harbin, China	10	1	1,044	25	https://soundcloud.com/nithoukhan
3_446	Zedd Verified	None	Los Angeles, United States	160	5	4.26M	10	https://soundcloud.com/zedd
1_447	LÃª Äá»©c TÃ i	None	CÃ€ MAU, Viet Nam	8	5	11	5	https://soundcloud.com/user-540992646
0_448	Vu Ngan My	None	Viet Nam	11	4	630	16	https://soundcloud.com/vunganmy
9_449	Porter Robinson Verified	None	None	85	5	4.2M	0	https://soundcloud.com/porter-robinson
7_450	user301749422	None	None	1	0	992	0	https://soundcloud.com/user301749422
6_451	Spiritual Moment Verified	Spiritual Moment .	None	198	1	83.1K	0	https://soundcloud.com/spiritualmoment
7_452	soundcanyon	Shibi Kannan	Houston, United States	1	0	554	98	https://soundcloud.com/soundcanyon
5_453	Old Chingu Verified	old friend	Baltimore, MD, United States	60	2	1,128	230	https://soundcloud.com/oldchingu
7_454	Just Music Label	Just Music	London	69	0	20K	22	https://soundcloud.com/justmusiclabel
6_455	alvydasm	None	Lithuania, Lithuania	4	2	1,859	2	https://soundcloud.com/alvydasm
7_456	Jack Villano Villano	Jack Villano Villano	Ciudad de MÃ©xico, Mexico	26	0	2,833	77	https://soundcloud.com/jack-villano-villano
0_457	ğš’ ğš‘ğšŠğšŸğš ğšŠ ğšœğš•ğš˜ğš ğšğš ğšœğš˜ğš—ğš	Nguyá»…n ToÃ n	Viet Nam	37	2	4,129	3	https://soundcloud.com/nguy-n-to-n-401524044
7_458	user9175165	None	None	2	2	2,548	14	https://soundcloud.com/user9175165
3_459	David Guetta Verified	David Guetta	Paris, France	653	16	2.39M	8	https://soundcloud.com/davidguetta
5_460	MODSi	None	Chicago, United States	3	0	331	21	https://soundcloud.com/modsiofficial
9_461	The Temper Trap Verified	The Temper Trap	London	134	3	84.9K	2	https://soundcloud.com/the-temper-trap
5_462	HXNS Verified	None	None	32	2	25.8K	373	https://soundcloud.com/hxns
6_463	Wavesource	None	None	59	3	13.2K	135	https://soundcloud.com/wavesourcemusic
1_464	Duy Thuáº­n	None	Viet Nam	2	0	36	0	https://soundcloud.com/duythuan9999
1_465	Nguyá»…n Khoa Nam	Khoa Nam Nguyá»…n	None	25	0	10	3	https://soundcloud.com/nguy-n-khoa-nam-80524413
0_466	TÃ¡o	Má»™t NgÆ°á»i	Há»“ ChÃ­ Minh, Viet Nam	46	0	55.1K	118	https://soundcloud.com/t-o-t-nh-t-m
7_467	Joe Med 1	Joe Med	None	3	9	650	107	https://soundcloud.com/joe-med-1
1_468	kimhong	TT_97_12 _Kim Há»“ng	pp, China	44	0	23	3	https://soundcloud.com/tt_97_12-kim-h-ng
0_469	Quang	Quang HÃ 	None	4	0	266	0	https://soundcloud.com/h-ng-quang-834488889
8_470	Old Chingu Verified	old friend	Baltimore, MD, United States	60	2	1,128	230	https://soundcloud.com/oldchingu
1_471	zorodn	Huy Dang	Da Nang, Viet Nam	14	3	11	12	https://soundcloud.com/zorodn
0_472	GojocuataoooğŸš¬	QuyÃªn QuyÃªn	Viet Nam	18	0	348	0	https://soundcloud.com/quyen-quyen-449202674
7_473	Arturix Panther	Arturix Panther	None	2	1	1,124	0	https://soundcloud.com/arturix-panther
9_474	Da_Hool	Sabri Cihan	Ä°stanbul, Turkey	23	2	760	114	https://soundcloud.com/da_hool
5_475	Jasmine M. Ortiz	Jasmine M. Ortiz	Los Angeles, United States	15	0	78	7	https://soundcloud.com/iamjasmineortiz
0_476	lÃ³use	Louis Vent	Viet Nam	14	0	565	8	https://soundcloud.com/toulouse28
6_477	Brainwave Power Music	Brainwave Power Music	Australia	5	0	1,688	0	https://soundcloud.com/brainwave-power-music
6_478	77licoknigi	lico knigi	None	8	1	891	0	https://soundcloud.com/77licoknigi
0_479	Ozone	Jayson Tod	None	2	3	31	18	https://soundcloud.com/tr-nh-l-gia-tuy-n
7_480	soo	None	Seoul, Republic of Korea	0	6	36.5K	113	https://soundcloud.com/yourparadis
8_481	MODSi	None	Chicago, United States	3	0	331	21	https://soundcloud.com/modsiofficial
8_482	HXNS Verified	None	None	32	2	25.8K	373	https://soundcloud.com/hxns
6_483	Sonia Ishibashi	Sonia Ishibashi	None	5	6	936	10	https://soundcloud.com/sonia-ishibashi
1_484	Hnann	HoÃ i Nam	Hanoi, Viet Nam	1	0	11	3	https://soundcloud.com/hnann
0_485	Decabroda Music Vietnam	Decabroda Music Vietnam	Bien Hoa, Viet Nam	137	3	274	64	https://soundcloud.com/decabrodamusicvietnam
5_486	bitbird Verified	create forever.	Netherlands	569	54	215K	67	https://soundcloud.com/bitbird
9_487	Diplo Verified	diplo	Philadelphia, United States	524	16	7.1M	1,149	https://soundcloud.com/diplo
1_488	Trendy NhÃ¢n Team ğŸ’	None	VIET NAM	29	5	27.8K	78	https://soundcloud.com/trendynhanteam
8_489	Jasmine M. Ortiz	Jasmine M. Ortiz	Los Angeles, United States	15	0	78	7	https://soundcloud.com/iamjasmineortiz
0_490	MINT	Mint 00322	None	11	0	524	0	https://soundcloud.com/mint-116031688
0_491	D.Blue Verified	BÃ¹i Thanh	Pleiku, Viet Nam	28	0	12.3K	49	https://soundcloud.com/double-blue
6_492	musicofsamsara	None	None	12	1	484	70	https://soundcloud.com/musicofsamsara
1_493	Vuong	Hieu Vuong	None	4	2	1	0	https://soundcloud.com/hieu-vuong-76472891
8_494	bitbird Verified	create forever.	Netherlands	569	54	215K	67	https://soundcloud.com/bitbird
0_495	VeeTee	Tee	Bien Hoa.	56	0	518	2	https://soundcloud.com/vit-tin
0_496	Rei	Music Anime	None	14	0	2,520	2	https://soundcloud.com/music-anime-754177858
6_497	à¥ Love à¥	à¥ Peace à¥	None	2	0	2,326	0	https://soundcloud.com/dazza1-1
0_498	VÅ©, Verified	Hoang Thai Vu	Ha Noi	63	0	201K	32	https://soundcloud.com/toilavu
7_499	Nick Ward Verified	None	Sydney, Australia	14	7	6,467	133	https://soundcloud.com/nickwardmusic
6_500	pdrgunlugu	Pdr GÃ¼nlÃ¼ÄŸÃ¼	TekirdaÄŸ, Turkey	12	6	148	4	https://soundcloud.com/pdrgunlugu
0_501	tad	None	HÃ  Ná»™i, Viet Nam	18	0	334	64	https://soundcloud.com/camdaily
1_502	Äá»©c Báº¯c Ninh âœª	Deezay Äá»©c Con	None	4	0	1,375	445	https://soundcloud.com/mo-pham-978847562
0_503	Gin	An Nguyá»…n	PhÃºc YÃªn, Viet Nam	47	6	456	1	https://soundcloud.com/ginne23no1
1_504	Jeon Trungkook	Young Sasuke // The Kid LÃ¡rÆ¡i	Motown, Ha Noi, Viet Nam	1	1	21	100	https://soundcloud.com/jeon_trungkook
3_505	steveangello Verified	Steve Angello	Stockholm, Sweden	166	6	3.39M	1	https://soundcloud.com/steveangello
1_506	chanh	None	None	3	0	59	33	https://soundcloud.com/chanhchanhh
1_507	hacszero2603	Nguyá»…n TÃ¹ng LÃ¢m	None	10	2	3	9	https://soundcloud.com/nguy-n-t-ng-l-m-819472618
6_508	sinesolder	Damian Staffon	Portland	12	3	268	66	https://soundcloud.com/sinesolder
7_509	qianhui sun	qianhui sun	None	1	0	1,394	0	https://soundcloud.com/qianhui-sun-274160437
7_510	ë³¸ ë³´ì•¼ì§€ (Bon Voyaze)	None	Seoul	30	2	3,259	247	https://soundcloud.com/bon_voyaze
0_511	punnas	PhÃº HoÃ ng	None	1	3	264	5	https://soundcloud.com/phu-hoang-146874860
1_512	Quang VÄƒn	None	None	4	4	21	9	https://soundcloud.com/user-686275439-564772756
3_513	Stromae Verified	None	None	63	0	78.8K	0	https://soundcloud.com/stromae
9_514	DILLONFRANCIS Verified	Dillon Francis	Los Angeles, United States	274	12	6.13M	451	https://soundcloud.com/dillonfrancis
6_515	Nectar Effector	None	Ferndale, United States	11	1	407	386	https://soundcloud.com/nectar-effector
7_516	domo	None	incheon, Republic of Korea	13	0	3,005	30	https://soundcloud.com/1207domo
3_517	HARDWELL Verified	Robbert Hardwell	Breda, Netherlands	580	6	1.92M	9	https://soundcloud.com/hardwell
7_518	Lucia Goti	Lucia Goti	None	9	0	1,035	0	https://soundcloud.com/lucia-goti
6_519	Mindsoul Media	None	Denver, United States	14	1	6,325	76	https://soundcloud.com/mindsoulmedia
0_520	Liam	Quá»‘c Äáº¡t	Há»“ ChÃ­ Minh	14	1	1,618	0	https://soundcloud.com/l_iiam
1_521	ğ™½ğš‘ğšŠÌ£ğšŒ ğ™»ğš˜Ì£ğš ğŸ¸	None	None	28	0	3,710	0	https://soundcloud.com/user-540857706
1_522	HÆ°ngVIP	Há»¯u ÄoÃ n	None	13	0	4,566	141	https://soundcloud.com/ngay-mai-884583022
6_523	lolovvveee2	lolo	None	0	18	5,093	17	https://soundcloud.com/lolollov2
0_524	DucMinh	Äá»©c Minh	HÃ  Ná»™i, Viet Nam	1	0	210	90	https://soundcloud.com/ducminhletsgo
7_525	o-nei-ric Tapes	A'daleis	Sydney, Australia	2,013	60	9,159	1,038	https://soundcloud.com/o-nei-ric-tapes
1_526	Tri Ká»· Cáº£m XÃºc (TamSuKinhDoanh) Verified	None	None	204	1	21.9K	0	https://soundcloud.com/web5ngay
0_527	G A N G $	Rap 4Life	Ho Chi Minh, Viet Nam	13	0	295	1	https://soundcloud.com/gangs-rap
0_528	JUUN D Verified	JUUN D	None	5	0	874	0	https://soundcloud.com/juund
0_529	Shiraz	Shiraz de MÃ©dicis	None	22	0	145	0	https://soundcloud.com/thquynh-tran
1_530	Tiep 3T ğŸ§	Tiep Nguyen	HCM, Viet Nam	92	5	14.7K	139	https://soundcloud.com/tiep-deejay
0_531	ğ–’ğ–ğ–ğ–‘ğ–â´	mijlk	Viet Nam	18	0	42	4	https://soundcloud.com/huud-hrhrju
3_532	martinsolveig Verified	Martin Solveig	Paris	301	2	1.07M	203	https://soundcloud.com/martinsolveig
0_533	Jannine Weigel Verified	Jannine Weigel	None	87	0	37.3K	13	https://soundcloud.com/jannina-weigel
0_534	BÃ¹i Dung	Dung BÃ¹i	hÃ  ná»™i, Viet Nam	1	7	26	21	https://soundcloud.com/bui-dung-518737342
3_535	Deadmau5isawesome	HERPINA DERPINA	lolol land, Afghanistan	2	0	1,037	0	https://soundcloud.com/deadmau5isawesome
3_536	Azureon: Surge Verified	None	World	473	30	520K	16	https://soundcloud.com/housemusic
9_537	Omar SHERIF	Carlos TrucÃ­os	Trujillo, Peru	22	0	355	26	https://soundcloud.com/cleont
1_538	Gin	An Nguyá»…n	PhÃºc YÃªn, Viet Nam	47	6	456	1	https://soundcloud.com/ginne23no1
9_539	ferry-corsten Verified	Ferry Corsten	Rotterdam, Netherlands	1,962	12	163K	69	https://soundcloud.com/ferry-corsten
0_540	Kane	Khanh Tran	None	4	3	261	0	https://soundcloud.com/phu-khanh-602508529
0_541	Akira Phan	Phan VÃµ Thanh HÃ¹ng	Há»“ ChÃ­ Minh, Viet Nam	86	0	499	3	https://soundcloud.com/akiraphan
0_542	CHARLES.	Charlesnkeys	HCM City, Viet Nam	95	8	19.8K	69	https://soundcloud.com/charlesnkeys
6_543	Yan Ramos 5	Yan Ramos	Salvador, Brazil	3	28	3,357	31	https://soundcloud.com/yan-ramos-3
0_544	Kevinnnz	Tiáº¿n LÆ°Æ¡ng Thanh	Huáº¿, Viet Nam	2	3	259	31	https://soundcloud.com/ti-n-l-ng-thanh
0_545	LilGee Pham	LilGee Pháº¡m	Há»“ ChÃ­ Minh City, Viet Nam	40	0	1,000	14	https://soundcloud.com/lilgeepham
0_546	DeeYouSee	None	Hanoi, Viet Nam	29	0	229	23	https://soundcloud.com/deeyouseeprod
0_547	F2 RECORDS	Háº­u Nguyá»…n	Há»“ ChÃ­ Minh, Viet Nam	23	1	769	107	https://soundcloud.com/lyrics-of-edm
9_548	Madeon Verified	None	Los Angeles, United States	70	1	1.43M	8	https://soundcloud.com/madeon
0_549	Jay Li	Bla Bla	Viet Nam	7	0	1,567	19	https://soundcloud.com/bla-bla-391701653
9_550	Dragonette Verified	Dragonette	Toronto, Canada	194	0	15.9K	2	https://soundcloud.com/dragonette
0_551	Thanh Truc Vo	TrÃºc VÃµ	Äá»“ng Nai, H. Long ThÃ nh, Viet Nam	13	0	412	0	https://soundcloud.com/truc-vo-871617986
3_552	Chris Lake Verified	Chris Lake	Los Angeles, United States	155	7	271K	12	https://soundcloud.com/chrislake
0_553	boy in da hood	None	HÃ  Ná»™i, Viet Nam	7	1	138	6	https://soundcloud.com/dgthanhdong
9_554	R3HAB Verified	Fadil El Ghoul	Amsterdam, Netherlands	594	5	3.9M	3	https://soundcloud.com/r3hab
0_555	X.O Chill	Äá»©c Nguyá»…n	None	3	0	24	0	https://soundcloud.com/c-nguy-n-827842188
5_556	M3NACE Verified	None	Houston, TX	24	17	21.2K	333	https://soundcloud.com/m3nacemusic
0_557	Atfara Music	None	None	46	0	1,718	14	https://soundcloud.com/user-372173851
0_558	Diá»‡u LÃª	Diá»‡u LÃª	None	2	0	364	5	https://soundcloud.com/di-u-l-43715606
0_559	DEON OXIVAR	Deon Oxivar	Jakarta, Indonesia	120	2	433	8	https://soundcloud.com/deonoxivar
3_560	Porter Robinson Verified	None	None	85	5	4.2M	0	https://soundcloud.com/porter-robinson
0_561	Mie	Ngaa	None	7	1	1,746	51	https://soundcloud.com/ngaadethuongnhathemattroi
8_562	M3NACE Verified	None	Houston, TX	24	20	21.2K	333	https://soundcloud.com/m3nacemusic
9_563	Interscope Records Verified	IGA Music	Santa Monica, United States	2,538	19	826K	208	https://soundcloud.com/interscope
0_564	PhuTs EDM	PhÃº Nguyá»…n	None	4	0	556	7	https://soundcloud.com/ph-nguy-n-510930624
0_565	Shaun	Duc Son.	Ha Loi, Viet Nam	7	5	911	51	https://soundcloud.com/the-shaunz
6_566	Keira Baldwin	Keira Baldwin	Montreal, Canada	16	0	1,942	6	https://soundcloud.com/keira-baldwin
3_567	The Temper Trap Verified	The Temper Trap	London	134	3	84.9K	2	https://soundcloud.com/the-temper-trap
6_568	bri dasilva	None	Tampa, United States	17	0	10.5K	116	https://soundcloud.com/bridasilva
6_569	Koke Plate	Koke Plate	Oslo, Norway	59	5	708	84	https://soundcloud.com/koke-plate
3_570	Da_Hool	Sabri Cihan	Ä°stanbul, Turkey	23	2	760	114	https://soundcloud.com/da_hool
2_571	David Guetta Verified	David Guetta	Paris, France	653	16	2.39M	8	https://soundcloud.com/davidguetta
0_572	teeayz Verified	None	hanoi	11	2	2,785	155	https://soundcloud.com/teeayz
5_573	Cupido	None	I just make music with my heart...	15	1	2,958	0	https://soundcloud.com/cupidomusic
3_574	Diplo Verified	diplo	Philadelphia, United States	524	16	7.1M	1,149	https://soundcloud.com/diplo
6_575	Weston Wilson	Weston Wilson	California	11	3	1,577	5	https://soundcloud.com/westonwilson
7_576	vinternoon Verified	None	Republic of Korea	79	0	6,989	191	https://soundcloud.com/vinternoon
5_577	Swardy	None	None	28	2	2,910	13	https://soundcloud.com/swardy
0_578	Memory...!	None	BiÃªn HÃ²a Äá»“ng Nai , Viet Nam	29	0	324	0	https://soundcloud.com/user-79319235
7_579	nuoyah	Hailey Kwon	Seoul, Republic of Korea	32	0	731	35	https://soundcloud.com/nuoyah
0_580	JIANG	æ±Ÿâœ¿	None	28	1	561	9	https://soundcloud.com/c-h-a-n-g-724613134
7_581	kennytheking	íƒœí˜„ ê¹€	seoul, Republic of Korea	8	1	10.5K	55	https://soundcloud.com/kenny_the_king
0_582	HyDo	Huy Do	Hai Phong, Viet Nam	17	0	186	5	https://soundcloud.com/user-712654135
5_583	PANG! Verified	PANG! Music	Stockholm, Sweden	60	0	16.4K	1	https://soundcloud.com/pangmusic
0_584	sadgrl	beauty gÆ¡	None	17	0	661	1	https://soundcloud.com/my-hanah
6_585	UnkilleD	None	None	14	0	672	49	https://soundcloud.com/xvor-tex
5_586	NOTD Verified	None	Sweden	46	7	21.1K	54	https://soundcloud.com/notdofficial
7_587	ameba. Verified	None	DENVER COLORADO	69	1	9,356	1	https://soundcloud.com/amebaa
0_588	Maxwell Lau	Maxwell Lau	None	7	1	70	1	https://soundcloud.com/maxwell-lau
6_589	Kioleth	qirra	Kuala Lumpur, Malaysia	12	3	773	4	https://soundcloud.com/user-970036757
0_590	Marchino	None	Ho Chi Minh, Viet Nam	9	0	244	0	https://soundcloud.com/user-8866797
7_591	zer0	personal info	Tokyo, Japan	34	8	4,723	34	https://soundcloud.com/yueunseo
0_592	Tráº§n Trá»ng LÆ°Æ¡ng	LÆ°Æ¡ng Tráº§n	None	3	4	575	51	https://soundcloud.com/tr-n-tr-ng-l-ng-278518794
8_593	Cupido	None	I just make music with my heart...	15	1	2,958	0	https://soundcloud.com/cupidomusic
4_594	Robin Schulz Verified	None	OsnabrÃ¼ck, Germany	243	4	442K	758	https://soundcloud.com/robin-schulz
8_595	Swardy	None	None	28	2	2,910	13	https://soundcloud.com/swardy
6_596	AirballMusic	None	None	8	0	612	3	https://soundcloud.com/irballusic
5_597	DOLCE VITA	None	Italy	1	0	393	0	https://soundcloud.com/dolcevitaofficial
6_598	Brian & Dan	Brian Dan	New Boston, United States	15	4	446	6	https://soundcloud.com/scdb
9_599	Bingo Players Verified	Bingo Players	Netherlands	433	16	328K	1	https://soundcloud.com/bingoplayers
5_600	Midnight Kids Verified	None	â˜¾	44	3	14.9K	53	https://soundcloud.com/usmidnightkids
0_601	Sa.Wan	Vá»§ Báº±ng DÆ°	CÃ  Mau, Viet Nam	4	0	183	0	https://soundcloud.com/v-b-ng-d
8_602	PANG! Verified	PANG! Music	Stockholm, Sweden	60	0	16.4K	1	https://soundcloud.com/pangmusic
0_603	Hieuz â™ª Verified	H2 Entertainment	Viet Nam	29	0	2,813	0	https://soundcloud.com/hieuz-music
8_604	NOTD Verified	None	Sweden	46	7	21.1K	54	https://soundcloud.com/notdofficial
0_605	huh	ngoc minh	Hanoi	3	0	36	5	https://soundcloud.com/ngoc-minh-807782026
0_606	Phuc Nhan	PhÃºc NhÃ¢n	Ho Chi Minh, Viet Nam	1	1	25	5	https://soundcloud.com/nhan-phuc-565795404
4_607	Flight Facilities Verified	Flight Facilities	Trinidad and Tobago	76	11	324K	47	https://soundcloud.com/flightfacilities
7_608	4 20	None	somewhere in the moranas	7	0	509	23	https://soundcloud.com/highalchemy
5_609	CROG Verified	None	NYC	29	3	2,185	896	https://soundcloud.com/notcrog
2_610	Mark Knight Verified	Mark Knight	London	173	5	175K	9	https://soundcloud.com/markknight
7_611	Somar	nathaniel	SJ, CA	18	3	3,354	303	https://soundcloud.com/leinahtansomar
0_612	Glee Ams	Glee Ams	Ha Noi, Viet Nam	105	11	6,528	4	https://soundcloud.com/glee-ams
3_613	DILLONFRANCIS Verified	Dillon Francis	Los Angeles, United States	274	12	6.13M	451	https://soundcloud.com/dillonfrancis
6_614	Lucas	Nam Nguyen	None	1	0	251	0	https://soundcloud.com/lucis-newuyen-312877581
6_615	Virgis Maslauskas	Virgis Maslauskas	Chicago, United States	1	0	140	1	https://soundcloud.com/virgelis
6_616	Parisa Parsa 1	Parisa Parsa	None	3	2	215	3	https://soundcloud.com/parisa-parsa-2
5_617	XO Collective Verified	Artist Collective	None	10	2	95K	10	https://soundcloud.com/xocollective
8_618	DOLCE VITA	None	Italy	1	0	393	0	https://soundcloud.com/dolcevitaofficial
8_619	Midnight Kids Verified	None	â˜¾	44	3	14.9K	53	https://soundcloud.com/usmidnightkids
2_620	Defected Records Verified	Defected Records	London, United Kingdom	691	14	392K	135	https://soundcloud.com/defectedrecords
7_621	Ampoff	Goodmorning pancake	None	43	0	5,026	18	https://soundcloud.com/itsampoff
5_622	La FÃ©lix Verified	None	None	34	3	7,661	370	https://soundcloud.com/lafelix
7_623	Soulitune	Kid in Seoul	Seoul, Republic of Korea	46	0	1,823	151	https://soundcloud.com/soulitunehere
6_624	ReHÃ ÃŸ â™ªâ™ª	Ø±ÙØ­ÙØ§Ø¨ â™ªâ™ª â™¥â™¥â™ªâ™ª	El-Sheikh Zeid City, 6 October ,, Egypt	14	26	5,609	108	https://soundcloud.com/rehab-mohammed
7_625	Phlowerie	Phlowerie	Houston, United States	14	0	719	118	https://soundcloud.com/phlowerie
7_626	DIDI_CAT	Kyungjin Lee	Daejeon, Republic of Korea	41	1	2,064	99	https://soundcloud.com/didi_cat
6_627	goncafem	gonca fem	Turkey	17	1	5,820	25	https://soundcloud.com/goncafem
8_628	CROG Verified	None	NYC	29	8	2,185	896	https://soundcloud.com/notcrog
5_629	DRAMA	None	Chicago IL, United States	38	2	5,779	0	https://soundcloud.com/dramaduo
7_630	midnightcoaster	SY Kim	Seoul	23	1	865	48	https://soundcloud.com/midnightcoaster
4_631	Zwette Verified	DJ / Producer / Remixer	Germany	70	0	58.3K	114	https://soundcloud.com/zwette
9_632	Republic Records Staff Verified	None	New York, United States	67	5	35K	136	https://soundcloud.com/republicrecordsstaff
4_633	ADDAL Verified	None	Milan , Italy	73	6	122K	115	https://soundcloud.com/addal
6_634	Hanan Gobran	None	Dream Land	10	15	14.7K	786	https://soundcloud.com/hanangobran
0_635	KProx	kha Äá»—	Háº­u Giang, Viet Nam	9	0	183	27	https://soundcloud.com/kproxremix
7_636	iwamizu Verified	None	Nagoya, Japan	20	1	15.5K	0	https://soundcloud.com/iwamizu
0_637	ACENS	None	None	22	0	6,857	8	https://soundcloud.com/acens
5_638	Drew Maha	Drew Meagher	Mugatunes	2	2	720	1,305	https://soundcloud.com/drew-maha
0_639	Linh	None	Saigon, Viet Nam	4	0	259	0	https://soundcloud.com/linhkhv
3_640	Omar SHERIF	Carlos TrucÃ­os	Trujillo, Peru	22	0	355	26	https://soundcloud.com/cleont
7_641	MasterClass	NoiseSymphony	Seoul, Republic of Korea	112	2	3,057	5	https://soundcloud.com/noisesymphony
3_642	ferry-corsten Verified	Ferry Corsten	Rotterdam, Netherlands	1,962	12	163K	69	https://soundcloud.com/ferry-corsten
5_643	Brasstracks Verified	None	New York City, United States	75	7	93K	93	https://soundcloud.com/brasstracks
9_644	Little Dragon Verified	Little Dragon	Gothenburg, Sweden	132	4	383K	6	https://soundcloud.com/littledragon
7_645	Lili & Dylan	None	None	48	6	303	6	https://soundcloud.com/user-347760868
4_646	future classic Verified	Future Classic	Los Angeles / Sydney	715	25	565K	1,110	https://soundcloud.com/futureclassic
2_647	DJ Carnage Verified	Gordo	ASOC	118	2	608K	86	https://soundcloud.com/djcarnageofficial
9_648	Sander van Doorn Verified	Sander van Doorn	Eindhoven, Netherlands	521	2	269K	32	https://soundcloud.com/sandervandoorn
2_649	LP Giobbi Verified	LP Giobbi	Los Angeles, United States	68	4	4,306	157	https://soundcloud.com/lpgiobbi
5_650	Faul & Wad Verified	@faulandwad	Paris, France	56	3	91.6K	352	https://soundcloud.com/faul-official
7_651	Michael Cieri	None	Washington D.C.	9	1	333	23	https://soundcloud.com/cierim
8_652	XO Collective Verified	Artist Collective	None	10	2	95K	10	https://soundcloud.com/xocollective
7_653	SWEETCH	SWEETCH	Seoul	8	0	627	65	https://soundcloud.com/wonkyu-jang
9_654	whoismgmt Verified	MGMT	Brooklyn, NY, United States	102	0	4.85M	2	https://soundcloud.com/whoismgmt
7_655	â€jdnhntâ€	None	4213 4581 4226 4228 4223 4012	54	1	894	66	https://soundcloud.com/jdnhnt
8_656	La FÃ©lix Verified	None	None	34	3	7,661	370	https://soundcloud.com/lafelix
5_657	San Holo Verified	thx for listening	<3	160	23	466K	422	https://soundcloud.com/sanholobeats
2_658	Morphable	None	Berlin, Germany	52	5	5,972	395	https://soundcloud.com/morphable
9_659	Fatboy Slim Verified	Fatboy Slim	Brighton, United Kingdom	557	30	297K	3	https://soundcloud.com/fatboyslim
7_660	RYCE Verified	None	None	49	2	5,818	532	https://soundcloud.com/noeldac
7_661	Jaeeun	jaeeun kim	Seoul, Republic of Korea	9	0	1,005	17	https://soundcloud.com/jennuarjennuary
8_662	DRAMA	None	Chicago IL, United States	38	2	5,779	0	https://soundcloud.com/dramaduo
7_663	halberd	None	None	34	6	11.7K	489	https://soundcloud.com/lilpolearm
2_664	MK (Marc Kinchen) Verified	Marc Kinchen	Los Angeles, CA, United States	186	12	339K	63	https://soundcloud.com/marckinchen
8_665	Drew Maha	Drew Meagher	Mugatunes	2	2	720	1,305	https://soundcloud.com/drew-maha
3_666	Madeon Verified	None	Los Angeles, United States	70	1	1.43M	8	https://soundcloud.com/madeon
8_667	Brasstracks Verified	None	New York City, United States	75	7	93K	93	https://soundcloud.com/brasstracks
3_668	Dragonette Verified	Dragonette	Toronto, Canada	194	8	15.9K	2	https://soundcloud.com/dragonette
7_669	sokodomo	ì†Œì½”ë„ëª¨	South Pole, Antarctica	26	2	20.3K	58	https://soundcloud.com/sokodomo
7_670	Q_the_Trumpet	None	Seoul	39	3	873	223	https://soundcloud.com/q_the_trumpet
5_671	FELIX CARTAL Verified	None	Vancouver, Canada	397	23	310K	2	https://soundcloud.com/felixcartal
6_672	Peter Nader Â®	Peter Nader	Cairo, Egypt	33	2	7,414	9	https://soundcloud.com/peter-nader-10
4_673	Ryan Hemsworth Verified	None	Hamilton	145	2	169K	511	https://soundcloud.com/ryanhemsworth
8_674	Faul & Wad Verified	@faulandwad	Paris, France	56	3	91.6K	352	https://soundcloud.com/faul-official
7_675	S-ilo Verified	None	MalmÃ¶	263	4	7,073	145	https://soundcloud.com/s-ilo
2_676	Deepink Side	None	Deepink Side By Deepink, Brazil	86	23	57.8K	104	https://soundcloud.com/deepinkside
6_677	ORIENSI Verified	None	None	43	1	19.2K	4	https://soundcloud.com/oriensi
3_678	R3HAB Verified	Fadil El Ghoul	Amsterdam, Netherlands	594	5	3.9M	3	https://soundcloud.com/r3hab
4_679	filous Verified	None	Vienna, Austria	59	3	131K	86	https://soundcloud.com/filous
6_680	Mohab Ramadan	Mohab Ramadan	Egypt	45	0	8,822	25	https://soundcloud.com/mohabr
6_681	Abdalla Elabd	Abdalla Elabd	Copenhagen, Denmark	11	1	3,686	153	https://soundcloud.com/snowflakes91
8_682	San Holo Verified	thx for listening	<3	160	23	466K	422	https://soundcloud.com/sanholobeats
6_683	hazanmevsimi	Nihat Topcu	Istanbul, Turkey	37	0	504	13	https://soundcloud.com/hazanmevsimi
7_684	draf (follow @draf2k!!!!)	None	None	61	1	2,269	636	https://soundcloud.com/draffish
4_685	SG Lewis Verified	Sam Lewis	London Via Reading	73	2	75.5K	413	https://soundcloud.com/sglewis
6_686	Christian Lindquist Verified	Christian Lindquist	HÃ¶nÃ¶, Sweden	184	4	28.2K	0	https://soundcloud.com/solopianomusic
7_687	Elijah Lee	[ì´ì œì€],	For your soul,	17	2	2,031	207	https://soundcloud.com/elijahleebeats
4_688	Chill Nation Verified	None	Worldwide	21	2	292K	1,310	https://soundcloud.com/allchillnation
3_689	Interscope Records Verified	IGA Music	Santa Monica, United States	2,538	19	826K	208	https://soundcloud.com/interscope
6_690	Gooshe5	None	Tehran, Islamic Republic of Iran	37	0	3,896	1	https://soundcloud.com/gooshe5
7_691	AwGeezRick	Alberto	Milano, Italy	6	7	270	43	https://soundcloud.com/awgeezrick
4_692	Manila Killa Verified	chris	None	56	29	119K	963	https://soundcloud.com/manilakilla
6_693	Ahmed Gado	Ø±Ø§ØºÙ€Ø¨ Ø¯Ù…Ù€Ù€ÙŠÙ€Ù€Ù€Ø§Ù†	MANSOURA, Egypt	33	37	48.9K	7	https://soundcloud.com/ahmed-gado-1
9_694	Kygo Verified	None	Bergen	123	0	1.49M	159	https://soundcloud.com/kygo
9_695	Kie	Kienan	Portsmouth, United States	6	1	216	119	https://soundcloud.com/kiwi-10
9_696	garethemery Verified	Gareth Emery	Los Angeles	549	16	169K	12	https://soundcloud.com/garethemery
8_697	FELIX CARTAL Verified	None	Vancouver, Canada	397	23	310K	2	https://soundcloud.com/felixcartal
5_698	Quinn XCII Verified	None	Motown	105	10	102K	45	https://soundcloud.com/quinnxcii
2_699	DisciplesLDN Verified	Disciples	London	105	11	50.9K	14	https://soundcloud.com/disciplesldn
7_700	sehooninseoul	None	seoul	46	1	18.1K	58	https://soundcloud.com/sehooninseoul
7_701	JaY PaLaCe	@souljapalace	Canada	43	6	87	36	https://soundcloud.com/jaypalace
3_702	Bingo Players Verified	Bingo Players	Netherlands	433	16	328K	1	https://soundcloud.com/bingoplayers
5_703	CLUBLOVE	None	Australia	22	1	383	14	https://soundcloud.com/clublove
2_704	Regard Verified	Dj Regard Official	None	159	0	77.6K	118	https://soundcloud.com/dj-regard-1
7_705	Inu(ã„ã¬)	ã‚ã‚ŠãŒã¨ã†ã”ã–ã„ã¾ã™	ã™ã”ã„ã‚ˆã­	14	0	491	35	https://soundcloud.com/inueatmuffin
5_706	francisandthelights	for all enquiries: seb@goodyearsinc	United States	11	0	24.8K	3	https://soundcloud.com/francisandthelights
7_707	Hujili Verified	WHO-GEE-LEE	OREGONE	64	4	3,522	119	https://soundcloud.com/hujili
9_708	JOSH V	Josh V	NYC, United States	6	0	622	440	https://soundcloud.com/joshv
5_709	Ashe Verified	Ashlyn	None	49	13	30.2K	145	https://soundcloud.com/ashe
9_710	Ellie Goulding Verified	Ellie Goulding	London, United Kingdom	235	0	6.73M	0	https://soundcloud.com/elliegoulding
9_711	DANNIC Verified	Dannic	Breda, Netherlands	273	20	198K	2	https://soundcloud.com/dannic
2_712	Turbo Recordings Verified	Turbo Recordings	Montreal, Canada	1,523	98	93.1K	397	https://soundcloud.com/turborecordings
7_713	homework	None	zach // san diego	53	0	2,409	429	https://soundcloud.com/homeworksound
7_714	nawhij(ë‚˜ìš°íˆì¦ˆ)	None	ulsan	55	2	10.8K	390	https://soundcloud.com/nawhij
4_715	ÊŸá´œá´„á´€ ÊŸá´œsÊœ Verified	None	None	106	10	138K	342	https://soundcloud.com/lucalush
8_716	Quinn XCII Verified	None	Motown	105	10	102K	45	https://soundcloud.com/quinnxcii
7_717	Doshe	None	None	15	0	647	13	https://soundcloud.com/fs5hagnkzsq8
7_718	Rythmatical	None	SJ, CA	58	1	5,031	35	https://soundcloud.com/xt3chniqs
7_719	ì´ì¬ì² 	None	ì„œìš¸	12	0	4,436	203	https://soundcloud.com/chilllly
7_720	EarlJam	None	Melbourne, Australia	17	1	217	208	https://soundcloud.com/earljam-au
3_721	Republic Records Staff Verified	None	New York, United States	67	5	35K	136	https://soundcloud.com/republicrecordsstaff
7_722	Coffy	None	It's Coffy time! â˜•	8	2	1,480	39	https://soundcloud.com/coffymusic
5_723	CAPYAC Verified	None	The Moon	66	12	7,053	524	https://soundcloud.com/capyac
7_724	woonso	None	None	15	3	6,631	264	https://soundcloud.com/woonsodesu
4_725	FDVM Verified	None	France	73	7	58.7K	428	https://soundcloud.com/fdvm
8_726	CLUBLOVE	None	Australia	22	1	383	14	https://soundcloud.com/clublove
3_727	Little Dragon Verified	Little Dragon	Gothenburg, Sweden	132	4	383K	6	https://soundcloud.com/littledragon
6_728	Dakheeel	None	Egypt	46	0	11.5K	5	https://soundcloud.com/dakheeel
7_729	JazzyHan	Choi Junghan	Seoul, Democratic People's Republic of Korea	71	4	1,181	19	https://soundcloud.com/jazzyhan
8_730	francisandthelights	for all enquiries: seb@goodyearsinc	United States	11	0	24.8K	3	https://soundcloud.com/francisandthelights
6_731	free photon	Aml Hussien	None	21	5	2,351	449	https://soundcloud.com/aml-hussien
8_732	Ashe Verified	Ashlyn	None	49	13	30.2K	145	https://soundcloud.com/ashe
9_733	Protocol Recordings Verified	Protocol Recordings	Amsterdam, Netherlands	751	31	168K	1	https://soundcloud.com/protocolrecordings
3_734	Sander van Doorn Verified	Sander van Doorn	Eindhoven, Netherlands	521	2	269K	32	https://soundcloud.com/sandervandoorn
4_735	HOTEL GARUDA Verified	music to dance to	Los Angeles	78	19	107K	1,038	https://soundcloud.com/hotelgarudamusic
5_736	Childish Gambino Verified	Childish Gambino	United States	128	0	1.22M	27	https://soundcloud.com/childish-gambino
5_737	AKACIA	None	Melb, Australia	4	0	12.4K	405	https://soundcloud.com/akacia
6_738	M.Hassan	None	Now Listen .., Egypt	18	0	20.9K	0	https://soundcloud.com/mo-hassan2
3_739	whoismgmt Verified	MGMT	Brooklyn, NY, United States	102	0	4.85M	2	https://soundcloud.com/whoismgmt
5_740	BOBBY LOVE	Physical Presents, Armada Deep	Toronto, Canada	17	3	1,771	860	https://soundcloud.com/madebybobbylove
6_741	yousra samir	None	suez, Egypt	44	11	12.3K	393	https://soundcloud.com/yousra-samir93
3_742	Fatboy Slim Verified	Fatboy Slim	Brighton, United Kingdom	557	30	297K	3	https://soundcloud.com/fatboyslim
5_743	Also Shisto	Jalil Merriman	Maryland, United States	8	0	3,887	1	https://soundcloud.com/shistotreats
5_744	Claptone Verified	None	Berlin, Germany	578	25	318K	13	https://soundcloud.com/claptone
8_745	CAPYAC Verified	None	The Moon	66	12	7,053	524	https://soundcloud.com/capyac
6_746	George	Ú†ÙˆØ±Ú† Ø¹ÙŠÙ‘Ø§Ø¯	Fayoum	34	2	5,918	289	https://soundcloud.com/george3yad
6_747	Mohsen-Bahrami	Mohsen Bahrami	Frankfurt am Main, Germany	3	0	982	47	https://soundcloud.com/mohsen-bahrami
6_748	AdamHurst	Adam Hurst	Portland, United States	31	0	10.8K	0	https://soundcloud.com/adamhurst
6_749	Ahmed gado 4	Ø±Ø§ØºØ¨ Ø¯Ù…ÙŠØ§Ù†	mansoura, Egypt	26	1	12.2K	1	https://soundcloud.com/ahmed-gado-4-1
4_750	Nettwerk Music Group Verified	None	Los Angeles	3,070	3	54.1K	101	https://soundcloud.com/nettwerkmusicgroup
6_751	Aramist	Aram Arek	New York	22	0	330	20	https://soundcloud.com/aramist
6_752	Moxetiale	áƒ›áƒáƒ®áƒ”áƒ¢áƒ˜áƒáƒšáƒ” áƒ›áƒ–áƒ”	áƒ›áƒáƒ™áƒáƒœáƒ“áƒ	26	0	437	2	https://soundcloud.com/moxetiale
6_753	Sarah Saad	Sarah Saad	Cairo, Egypt	3	0	790	83	https://soundcloud.com/sara-saad
6_754	Faezeh Moieni	None	None	6	3	474	44	https://soundcloud.com/foozi
8_755	Childish Gambino Verified	Childish Gambino	United States	128	0	1.22M	27	https://soundcloud.com/childish-gambino
4_756	Leisure Suite	Leisure Suite	Melbourne, Australia	21	2	2,834	64	https://soundcloud.com/leisure-suite-aus
8_757	AKACIA	None	Melb, Australia	4	0	12.4K	405	https://soundcloud.com/akacia
8_758	BOBBY LOVE	Physical Presents, Armada Deep	Toronto, Canada	17	3	1,771	860	https://soundcloud.com/madebybobbylove
6_759	Mohsen Hosseinian	Mohsen Hosseinian	None	14	2	642	26	https://soundcloud.com/hosseinian
4_760	Mighty	Jordan Robinson	Los Angeles, United States	0	26	6,601	498	https://soundcloud.com/mightyj-1
9_761	Calvin Harris Verified	Calvin Harris	Dumfries, Scotland	328	0	7.16M	0	https://soundcloud.com/calvinharris
8_762	Also Shisto	Jalil Merriman	Maryland, United States	8	0	3,887	1	https://soundcloud.com/shistotreats
6_763	AHMED GADO 8	Ø±Ø§ØºØ¨ Ø¯Ù…ÙŠØ§Ù†	mansoura, Egypt	41	2	10.8K	1	https://soundcloud.com/gado8
9_764	i_o Verified	None	i am everywhere.	31	3	36.2K	27	https://soundcloud.com/i_oofficial
8_765	Claptone Verified	None	Berlin, Germany	578	19	318K	13	https://soundcloud.com/claptone
6_766	Nevzat Topcu	Nevzat Topcu	None	25	2	206	121	https://soundcloud.com/nevzat-topcu
9_767	Anakim Verified	Desert Hearts Black | SOMATIC | Mango Alley | PRGRSSN	None	21	22	3,854	191	https://soundcloud.com/anakim
6_768	H2 â™«	Hossam Hassan	Egypt	21	9	4,877	199	https://soundcloud.com/h-aguero
5_769	KRANE Verified	None	None	87	8	154K	689	https://soundcloud.com/krane
3_770	Kygo Verified	None	Bergen	123	0	1.49M	159	https://soundcloud.com/kygo
3_771	Kie	Kienan	Portsmouth, United States	6	1	216	119	https://soundcloud.com/kiwi-10
3_772	garethemery Verified	Gareth Emery	Los Angeles	549	16	169K	12	https://soundcloud.com/garethemery
5_773	Louis Futon Beats	None	None	13	0	25.8K	1	https://soundcloud.com/louisfutonbeats
6_774	FaisalÙ	None	None	289	12	24K	53	https://soundcloud.com/hf112233
5_775	Tipling Rock	None	Boston, United States	26	2	2,806	2	https://soundcloud.com/tiplingrock
5_776	nerd	None	None	1	0	174	0	https://soundcloud.com/whatsacopyright
8_777	KRANE Verified	None	None	87	8	154K	689	https://soundcloud.com/krane
5_778	Moving Castle Verified	None	Worldwide	156	57	77.9K	337	https://soundcloud.com/movingcastle
9_779	Yotto Verified	None	Finland	100	4	82.7K	5	https://soundcloud.com/yotto
3_780	JOSH V	Josh V	NYC, United States	6	0	622	440	https://soundcloud.com/joshv
3_781	Ellie Goulding Verified	Ellie Goulding	London, United Kingdom	235	0	6.73M	0	https://soundcloud.com/elliegoulding
6_782	Anas II	Anas Mohammed	Zagazig	10	0	4,403	3	https://soundcloud.com/anasinho-ii
4_783	Monstercat Silk Verified	None	LA, United States	2,550	2	51.8K	102	https://soundcloud.com/monstercatsilk
6_784	Exist Strategy	None	Montreal, Canada	53	5	12.5K	80	https://soundcloud.com/existstrategy
8_785	Louis Futon Beats	None	None	13	0	25.8K	1	https://soundcloud.com/louisfutonbeats
3_786	DANNIC Verified	Dannic	Breda, Netherlands	273	32	198K	2	https://soundcloud.com/dannic
9_787	Cyan Aura	None	None	4	0	94	0	https://soundcloud.com/cyanaura-music
8_788	Tipling Rock	None	Boston, United States	26	2	2,806	2	https://soundcloud.com/tiplingrock
9_789	Big Beat Records Verified	None	New York	918	18	751K	265	https://soundcloud.com/wearebigbeat
8_790	nerd	None	None	1	0	174	0	https://soundcloud.com/whatsacopyright
6_791	Mohamed Ahmed (Eagle)	Mohamed Ahmed	Cairo, Egypt	18	0	906	230	https://soundcloud.com/eagle93
8_792	Moving Castle Verified	None	Worldwide	156	24	77.9K	337	https://soundcloud.com/movingcastle
6_793	â™¬sound of spiritâ™¬	None	None	13	0	2,784	17	https://soundcloud.com/anosalsaher
6_794	Thanh Hoang Nguyen	Thanh Hoang Nguyen	Nottingham, United Kingdom	19	2	2,546	15	https://soundcloud.com/hoangnguyen241
4_795	Anjunadeep Verified	None	London	1,917	108	273K	111	https://soundcloud.com/anjunadeep
6_796	olga.saik	Olij Saik	Tallinn, Estonia	6	0	60	0	https://soundcloud.com/olga-saik
6_797	m3zofat 4	None	None	19	0	294	0	https://soundcloud.com/m3zofat-4
6_798	The Monk by the Sea Verified	Ivan Ujevic	Croatia	145	6	5,580	244	https://soundcloud.com/themonkbythesea
2_799	Vintage Culture Verified	LukasRuiz	None	254	7	614K	397	https://soundcloud.com/vintageculturemusic
6_800	relaxdaily Verified	None	None	154	4	96.7K	9	https://soundcloud.com/relaxdaily
9_801	Mika Kitten	Mika Kitten	Osaka, Japan	35	3	1,535	8	https://soundcloud.com/dj_kitten
6_802	Julien Allioux - Composer	Julien Allioux	Lille, France	52	2	4,968	588	https://soundcloud.com/julienallioux
2_803	â ¶ Dom Dolla â ¶ Verified	DOM DOLLA - /////	Melbourne, Australia	42	5	83.9K	304	https://soundcloud.com/domdolla
9_804	Techno Cave Verified	None	United Kingdom	260	6	34.1K	327	https://soundcloud.com/techno-cave
6_805	Marek Iwaszkiewicz Verified	Marek Iwaszkiewicz	United Kingdom	54	3	13.2K	311	https://soundcloud.com/shyprince
8_806	Bloom Child	None	In the State of Dreams	39	2	7,872	33	https://soundcloud.com/bloomchild
2_807	Hot Natured Verified	Hot Natured	London/LA	45	5	338K	7	https://soundcloud.com/hotnatured
8_808	Gryffin Verified	None	None	173	14	234K	8	https://soundcloud.com/gryffinofficial
6_809	Ibne Waheedi	Ibne Waheedi	ZÃ¼rich, Switzerland	6	0	1,594	0	https://soundcloud.com/tauqeer-ahmad-waheedi
3_810	Protocol Recordings Verified	Protocol Recordings	Amsterdam, Netherlands	751	31	168K	1	https://soundcloud.com/protocolrecordings
6_811	Maged Mahmoud 12	Maged Mahmoud	None	1	0	98	21	https://soundcloud.com/maged-mahmoud-15
6_812	Sayaf	None	Saudi Arabia	9	0	1,468	61	https://soundcloud.com/sayaf
6_813	Dina Elalimy	Dina Elalimy	Alexandria, Egypt	30	5	1,163	7	https://soundcloud.com/dina-elalimy
2_814	Ladies & Gentlemen Berlin	Ladies & Gentlemen	Berlin, Germany	136	0	3,547	28	https://soundcloud.com/ladsandgents
9_815	Jacques Greene Verified	Jacques Greene	House	79	8	141K	197	https://soundcloud.com/jacquesgreene
2_816	Totally Enormous Extinct Dinosaurs Verified	Totally Enormous Extinct Dinosaurs	Oxford	120	15	705K	326	https://soundcloud.com/t-e-e-d
6_817	Soul & Mind Relaxation	None	None	34	7	9,312	2	https://soundcloud.com/sam_relaxation
8_818	Jonasu Verified	None	Amsterdam, Netherlands	24	0	2,314	80	https://soundcloud.com/jonasuofficial
8_819	KitsunÃ© Musique Verified	KitsunÃ© Musique	Paris, France	797	68	132K	165	https://soundcloud.com/kitsunemusique
9_820	Drumcode Verified	None	Stockholm, Sweden	977	57	273K	1	https://soundcloud.com/drumcode
5_821	Bloom Child	None	In the State of Dreams	39	2	7,872	33	https://soundcloud.com/bloomchild
5_822	Gryffin Verified	None	None	173	14	234K	8	https://soundcloud.com/gryffinofficial
2_823	3BEAT	None	Liverpool	1,475	6	44.7K	35	https://soundcloud.com/3beat
2_824	Calvin Harris Verified	Calvin Harris	Dumfries, Scotland	328	0	7.16M	0	https://soundcloud.com/calvinharris
2_825	DENM	None	Huntington Beach, CA	33	4	8,304	0	https://soundcloud.com/iamdenm
5_826	Jonasu Verified	None	Amsterdam, Netherlands	24	0	2,314	80	https://soundcloud.com/jonasuofficial
5_827	KitsunÃ© Musique Verified	KitsunÃ© Musique	Paris, France	797	18	132K	165	https://soundcloud.com/kitsunemusique
2_828	Le Youth Verified	Wes James	Los Angeles, United States	144	15	82.5K	66	https://soundcloud.com/leyouth
3_829	Calvin Harris Verified	Calvin Harris	Dumfries, Scotland	328	0	7.16M	0	https://soundcloud.com/calvinharris
3_830	BLENDER Verified	BLENDER	Trento, Italy	19	0	8,556	2	https://soundcloud.com/blendermsc
3_831	Florence + The Machine Verified	None	None	173	0	22.7K	0	https://soundcloud.com/florence-the-machine
3_832	Nitti Gritti Verified	nitti gritti	Miami, United States	100	25	70.2K	780	https://soundcloud.com/nittigritti
5_833	Whethan Verified	None	None	68	5	165K	594	https://soundcloud.com/whethan
2_834	The Magician Verified	None	Brussels	222	5	252K	191	https://soundcloud.com/themagician
5_835	Moods Verified	Nick	Rotterdam, Netherlands	127	6	61.9K	1,123	https://soundcloud.com/moodsprod
2_836	WHTKD Verified	None	Germany	5	9	44.5K	51	https://soundcloud.com/whtkd
5_837	crussen Verified	None	ä¹‡XPLâ‚RING MUSIC, á—°IND AND NAá¹¬URE	82	5	32.4K	114	https://soundcloud.com/crussen
3_838	Deepink Verified	None	Brazil	95	60	114K	116	https://soundcloud.com/deepinkmusic
2_839	TENSNAKE Verified	None	Hamburg, Germany	190	12	167K	395	https://soundcloud.com/tensnake
5_840	Amber Mark Verified	Amber Mark	New York City, United States	54	1	12.4K	38	https://soundcloud.com/ambermark
5_841	P.e.Ã¸	None	Paris, France	33	0	6,037	9	https://soundcloud.com/peo001
5_842	ilovehanriver	None	Seoul, Republic of Korea	2	20	4,454	0	https://soundcloud.com/hanriverlove
9_843	MEDUZA Verified	None	Milan, Italy	34	1	43.5K	1	https://soundcloud.com/meduzamusic
9_844	Blaacon	None	None	3	0	970	281	https://soundcloud.com/blaacon
9_845	Teenage Mutants Verified	None	Mainz, Germany	113	0	67.1K	21	https://soundcloud.com/teenage-mutants
4_846	DHA FM (Deep House Amsterdam) Verified	None	Amsterdam, Netherlands	1,488	12	447K	6	https://soundcloud.com/deep-house-amsterdam
2_847	Kungs Verified	None	France	56	0	142K	400	https://soundcloud.com/kungsmusic
9_848	Filth on Acid Verified	Filth on Acid	Amsterdam / Berlin, Netherlands	253	61	38.1K	37	https://soundcloud.com/filthonacid
2_849	Weiss Verified	Weiss	London, United Kingdom	115	5	50.9K	63	https://soundcloud.com/weissuk
8_850	Whethan Verified	None	None	68	5	165K	594	https://soundcloud.com/whethan
2_851	King Henry Verified	Henry	Los Angeles	32	2	18.5K	420	https://soundcloud.com/kinghenryla
8_852	Moods Verified	Nick	Rotterdam, Netherlands	127	6	61.9K	1,123	https://soundcloud.com/moodsprod
2_853	Spinnin' Deep Verified	None	None	419	72	493K	54	https://soundcloud.com/spinnin-deep
8_854	crussen Verified	None	ä¹‡XPLâ‚RING MUSIC, á—°IND AND NAá¹¬URE	82	5	32.4K	114	https://soundcloud.com/crussen
5_855	Aso Verified	None	None	131	10	46.4K	719	https://soundcloud.com/aricogle
8_856	Amber Mark Verified	Amber Mark	New York City, United States	54	1	12.4K	38	https://soundcloud.com/ambermark
4_857	Mostly Magic	None	Los Angeles, United States	2	3	665	3	https://soundcloud.com/mostlyxmagic
8_858	P.e.Ã¸	None	Paris, France	33	0	6,037	9	https://soundcloud.com/peo001
8_859	Agamidae	None	None	1	15	11.4K	596	https://soundcloud.com/agamidae
4_860	16BL Verified	Ariaan Olieroock & Peter Kriek	Amsterdam, Netherlands	217	4	63.4K	35	https://soundcloud.com/16bl
5_861	cold glow	doug	minnesota	25	2	972	124	https://soundcloud.com/coldglow
4_862	Thissongissick.com Verified	Thissongissick.com	Boulder, Colorado, United States	522	46	774K	161	https://soundcloud.com/nickraymondg
5_863	charlie toÃ˜ human Verified	Charles Humanity	DMV	60	4	16.7K	433	https://soundcloud.com/charlietoohuman
3_864	Sonny Fodera Verified	Sonny Fodera	London, United Kingdom	282	3	141K	29	https://soundcloud.com/sonnyfodera
5_865	Chinsaku Verified	Chinsaku	Los Angeles	282	0	27.7K	147	https://soundcloud.com/chinsaku
5_866	aimless Verified	None	bay area, california	73	0	14.3K	475	https://soundcloud.com/aimless-beats
5_867	ameba. Verified	None	DENVER COLORADO	69	1	9,356	1	https://soundcloud.com/amebaa
3_868	Chris Lorenzo Verified	Chris Lorenzo	Birmingham, United Kingdom	45	10	107K	34	https://soundcloud.com/chris-lorenzo-1
8_869	Levi Patel	Levi Patel	Auckland, New Zealand	19	1	13.5K	432	https://soundcloud.com/levipatel
5_870	elias (@____elu)	áŠ¤áˆ‰	None	20	4	2,482	138	https://soundcloud.com/themostwackest
8_871	Alice Baldwin	None	Berlin	18	4	4,450	115	https://soundcloud.com/alice_baldwin
5_872	Medda Verified	None	my bedroom, Sweden	41	1	13.6K	122	https://soundcloud.com/imedda
8_873	Simeon Walker	Leeds, UK	Pianist & Composer	37	5	4,958	1,850	https://soundcloud.com/simeonwalkermusic
5_874	aru. Verified	â—Šâ—Šâ—Šâ—Šâ—Š	None	19	1	2,155	156	https://soundcloud.com/aruariann
5_875	omarr	None	None	25	0	5,329	93	https://soundcloud.com/momarm
5_876	snow garden	None	None	8	0	12.5K	1	https://soundcloud.com/snowgarden
3_877	ğŸ‡§ğŸ‡· BASHH Verified	Ricardo Bernardi	SÃ£o Paulo, Brazil	27	38	47.9K	1,992	https://soundcloud.com/bashhmusic
5_878	Dream Easy Collective	None	Creative Label	27	0	8,657	34	https://soundcloud.com/dreameasycollective
5_879	blackguyrandy	blackguyrandy	Fussa, Japan	37	0	4,494	86	https://soundcloud.com/blackguyrandy
5_880	quickly, quickly Verified	graham	portland/LA	40	1	54.6K	278	https://soundcloud.com/quicklyquickly
8_881	Serein Verified	None	United Kingdom	273	9	8,067	248	https://soundcloud.com/serein
5_882	Samurai Guru	None	Los Angeles, United States	77	0	4,555	205	https://soundcloud.com/samuraiguru
5_883	The Book House Freestyle Club	None	Mableton, United States	72	9	149	35	https://soundcloud.com/user-487038331
9_884	Eric Prydz Verified	Eric Prydz	LA, United States	284	2	815K	0	https://soundcloud.com/eric-prydz
9_885	Charlotte de Witte Verified	Charlotte de Witte	Ghent, Belgium	96	20	288K	1	https://soundcloud.com/charlottedewittemusic
8_886	Moderna Records Verified	Music Label	None	206	10	12.6K	1,035	https://soundcloud.com/modernarecords
5_887	bluknight	its not bluk night	Rome, Italy	15	5	1,944	344	https://soundcloud.com/bbluknight
5_888	kavv Verified	None	New Zealand	91	4	6,940	506	https://soundcloud.com/kavvofficial
5_889	Stephen Onprachanh	None	Escondido/San Diego, California	58	2	2,580	37	https://soundcloud.com/stephenonprachanh
8_890	Late Night Tales Verified	None	None	189	14	53.6K	37	https://soundcloud.com/latenighttales
3_891	SIDEPIECE	None	None	11	2	7,846	0	https://soundcloud.com/youasidepiece
5_892	Saptune	None	California	23	1	4,501	109	https://soundcloud.com/saptune
2_893	Kevin Richi /// FlicFlac	Kevin Richi	Vienna, Austria	7	0	2,680	427	https://soundcloud.com/kevinrichi
2_894	Disclosure Verified	None	None	167	8	1.34M	831	https://soundcloud.com/disclosuremusic
3_895	Benson Verified	None	Australia	102	6	20.4K	435	https://soundcloud.com/bensonaus
5_896	HIP DOZER Â® Verified	Beats. â™¨ï¸	None	830	3	31.6K	951	https://soundcloud.com/hipdozer
9_897	Pulltonic	None	Moscow	19	0	9,997	8	https://soundcloud.com/pulltonic
2_898	Heldeep Records Verified	None	Netherlands	262	20	154K	4	https://soundcloud.com/heldeeprecords
9_899	BETAWELT	None	None	2	0	604	6	https://soundcloud.com/betawelt
5_900	SLC	None	Canada	29	2	185	18	https://soundcloud.com/slcszn
3_901	Kino Village	None	None	15	7	1,216	273	https://soundcloud.com/kinovillage
4_902	Closer Orbit(s)	None	los angeles, ca	67	10	2,532	1,928	https://soundcloud.com/closerorbit
9_903	INSOMNIAC Verified	Wide Awake Since 1993	Los Angeles, United States	1,648	141	140K	1,097	https://soundcloud.com/insomniacevents
5_904	United Common Records	None	None	256	15	4,408	942	https://soundcloud.com/unitedcommonrecords
8_905	PessoaZ	None	Cologne, Germany	44	12	2,621	852	https://soundcloud.com/pessoa1972
4_906	ILLY NOIZE Verified	Illy Noize	Halle, Germany	26	5	6,151	267	https://soundcloud.com/captain-illy-noize
3_907	Vintage Culture Verified	LukasRuiz	None	254	7	614K	397	https://soundcloud.com/vintageculturemusic
4_908	Kartell Verified	None	Paris, France	58	8	86.2K	1,235	https://soundcloud.com/kartell
8_909	Julia Gjertsen	None	Oslo, Norway	61	0	1,215	357	https://soundcloud.com/juliagjertsen
8_910	mindthings	ClÃ©ment Peres	Paris, France	125	6	6,347	158	https://soundcloud.com/mindthings
3_911	RÃœFÃœS DU SOL Verified	RÃœFÃœS DU SOL	Sydney, Australia	230	15	281K	418	https://soundcloud.com/rufusdusol
2_912	UBERTON	None	None	5	0	9,278	8	https://soundcloud.com/ubertoning
5_913	Jah-Dee	Dayshiro Eustatius	Amsterdam, Netherlands	54	0	594	148	https://soundcloud.com/dayshiro
2_914	Caribou. Verified	Dan Snaith	London	277	9	361K	12	https://soundcloud.com/caribouband
5_915	vinternoon Verified	None	Republic of Korea	79	0	6,989	191	https://soundcloud.com/vinternoon
5_916	Yeonkkot	None	None	0	10	13.7K	93	https://soundcloud.com/yeonkkot
4_917	Rhyemusic Verified	None	Los Angeles, United States	76	1	233K	7	https://soundcloud.com/rhyemusic
4_918	SomethingGood	Something Good	Helsinki Rock City, Finland	19	3	3,554	166	https://soundcloud.com/wearesg
8_919	Bruno Sanfilippo Verified	Bruno Sanfilippo	Spain	170	5	5,722	0	https://soundcloud.com/bruno_sanfilippo
4_920	HENRY POPE	Genius Loci FEST	Los Angeles	15	10	4,093	1,222	https://soundcloud.com/henry-pope
2_921	Marlon Viana	None	Campinas - SP, Brazil	8	2	221	398	https://soundcloud.com/oficialviana
8_922	Sten Erland Hermundstad Verified	Sten Erland Hermundstad	Oslo, Norway	290	7	8,958	1,338	https://soundcloud.com/sten-erland-hermundstad
2_923	Lushington Verified	None	None	17	2	9,561	1,648	https://soundcloud.com/lushingtonmusic
5_924	Natty Reeves Verified	None	Brighton	85	2	9,490	52	https://soundcloud.com/natty-reeves
2_925	SG Lewis Verified	Sam Lewis	London Via Reading	73	2	75.5K	413	https://soundcloud.com/sglewis
3_926	Duke Dumont Verified	Duke Dumont	London	167	5	419K	408	https://soundcloud.com/dukedumont
5_927	Distant.lo	Dan Lopez	Thousand Oaks, United States	42	4	5,137	204	https://soundcloud.com/distant-lo
2_928	Sonny Fodera Verified	Sonny Fodera	London, United Kingdom	282	3	141K	29	https://soundcloud.com/sonnyfodera
4_929	Spinnin' Records Verified	Spinnin' Records	None	3,143	9	1.72M	124	https://soundcloud.com/spinninrecords
8_930	Michael McDonald	Michael McDonald	Vantaa, Finland	286	21	434	67	https://soundcloud.com/michaelmcdonald
3_931	justin martin music Verified	Justin Martin	San Francisco, United States	66	4	137K	8	https://soundcloud.com/justin-martin-music
5_932	dotphase	Alexander Thomas	NM, United States Minor Outlying Islands	40	3	7,719	140	https://soundcloud.com/dotphase
2_933	Ilyana Azman	None	None	0	18	21.4K	51	https://soundcloud.com/ilyanaazman
5_934	jae.	jerome johnson	London, United Kingdom	12	1	464	335	https://soundcloud.com/jaesoundss
3_935	J.P-B.O	Juan Barrera	None	5	0	174	14	https://soundcloud.com/juan-pablo-barrera-1
5_936	Conor Albert Verified	Conor Albert	London	134	9	8,225	380	https://soundcloud.com/conoralbert
3_937	ZHU Verified	None	United States	147	4	438K	0	https://soundcloud.com/zhu
4_938	Satin Jackets Verified	None	Munich, Germany	99	6	66.7K	21	https://soundcloud.com/satinjackets
3_939	James Hype Verified	James Hype	London, United Kingdom	48	1	116K	289	https://soundcloud.com/jameshypethedj
3_940	Billy Kenny Verified	None	United Kingdom	70	26	90.7K	465	https://soundcloud.com/billykennymusic
5_941	TOSHIKI HAYASHI(%C)	TOSHIKI HAYASHI	TOKYO, Japan	43	1	5,928	492	https://soundcloud.com/pcskiiler
5_942	Letsuo	None	Germany	39	0	1,854	1,499	https://soundcloud.com/letsuo
5_943	Dualib	None	doo-ah-leeb	17	7	1,443	1,989	https://soundcloud.com/dualib
4_944	Alex Cruz Verified	Alex Cruz	Amsterdam, Netherlands	87	88	127K	879	https://soundcloud.com/alexcruz
8_945	A Cerulean State	None	Stockholm	91	2	6,199	150	https://soundcloud.com/aceruleanstate
8_946	Mighty	Jordan Robinson	Los Angeles, United States	0	26	6,601	498	https://soundcloud.com/mightyj-1
5_947	Trevor Jordan	None	Austin, United States	69	8	1,764	701	https://soundcloud.com/trevorjordan69
2_948	Tipsy Records Verified	Â© 2021 Tipsy Records	Miami, United States	75	5	67.1K	140	https://soundcloud.com/tipsyrecords
5_949	FloÃ¨me ãƒ•ãƒ­ã‚¨ãƒ 	None	Tours, France	37	3	2,101	471	https://soundcloud.com/flo-me-1
2_950	Soave Verified	chill music	None	352	40	55.2K	1,220	https://soundcloud.com/soaverecords
5_951	secondsun	None	missouri	62	3	4,079	233	https://soundcloud.com/secondsunbeats
3_952	MichaelBibi Verified	Michael Bibi	VibesVille	75	13	125K	125	https://soundcloud.com/bibi-87
5_953	Eternal Soul Sessions	Ari El	Bogota, Colombia	19	1	25.8K	198	https://soundcloud.com/nujabesmusic
5_954	saib. Verified	None	Casablanca, Morocco	99	2	61.4K	330	https://soundcloud.com/saib_eats
5_955	rockwellproductshop	None	None	9	0	1,032	11	https://soundcloud.com/rockwellproductshop
5_956	Beakers	Jazz, Hip-Hop & Lockdown Beats	None	98	2	1,869	3	https://soundcloud.com/beakerss
2_957	Spectrum Recordings Verified	None	London, United Kingdom	212	38	2,551	240	https://soundcloud.com/spectrumrecordings
5_958	Terem	Hip Hop Jazz Electronic	France	102	3	7,609	254	https://soundcloud.com/terem
3_959	TORREN FÃ˜Ã˜T Verified	Torren Foot	Melbourne, Australia	37	4	25.2K	449	https://soundcloud.com/torrenfoot
5_960	FloFilz Verified	None	Berlin, Germany	160	2	62.6K	577	https://soundcloud.com/flofills
8_961	Monstercat Silk Verified	None	LA, United States	2,550	2	51.8K	102	https://soundcloud.com/monstercatsilk
5_962	Cosimo Fogg (201)	Cosimo Fogg	Seoul	32	0	6,662	1,292	https://soundcloud.com/cosimo-fogg
3_963	FISHER Verified	None	Sydney/Los Angeles	9	0	198K	15	https://soundcloud.com/fish-tales
5_964	grimelabinc	GrimeLab	United States	155	1	6,308	18	https://soundcloud.com/grimelabinc
3_965	Heldeep Records Verified	None	Netherlands	262	20	154K	4	https://soundcloud.com/heldeeprecords
5_966	Lazy Lewis	â™¬â™ª (~Ë˜â–¾Ë˜)~ â™ªâ™¬ Ê¸áµ‰áµƒÊ°áµ	Northern Ireland	41	0	6,309	415	https://soundcloud.com/lewis-the-funky-hip-fellow
5_967	danhernan	None	Liverpool	31	2	332	188	https://soundcloud.com/daniel-hernandez-67
5_968	insÃ¶ne. music	insÃ¶ne. music	None	14	2	275	545	https://soundcloud.com/insonemusic
8_969	Anjunadeep Verified	None	London	1,917	173	273K	111	https://soundcloud.com/anjunadeep
5_970	soo	None	Seoul, Republic of Korea	0	20	36.5K	113	https://soundcloud.com/yourparadis
3_971	Redlight UK Verified	Redlight	London	122	2	136K	1	https://soundcloud.com/redlight-uk
3_972	Data Transmission Verified	House / Tech House / Deep Tech	Milton Keynes	4,989	40	146K	1,996	https://soundcloud.com/data-transmission
2_973	Kiso Verified	Snapchat: Kisoarmic	None	30	1	40.9K	625	https://soundcloud.com/kisoarmicofficial
2_974	Mark Mendy Verified	ig @markmendy	None	11	11	5,760	99	https://soundcloud.com/mark-mendy
5_975	kennytheking	íƒœí˜„ ê¹€	seoul, Republic of Korea	8	1	10.5K	55	https://soundcloud.com/kenny_the_king
5_976	Rook1e Verified	None	portland, or	46	0	48.5K	98	https://soundcloud.com/byrook1e
5_977	Veil	None	los angeles // seoul	10	0	5,457	180	https://soundcloud.com/v-e-i-l
5_978	ì´ì¬ì² 	None	ì„œìš¸	12	0	4,436	203	https://soundcloud.com/chilllly
5_979	Piano Shoegazer	None	None	90	2	3,935	220	https://soundcloud.com/hyoung-joon-yoon
2_980	Normani	None	None	4	2	2,636	0	https://soundcloud.com/user-989230265
5_981	Limes	Alex T	Newmarket, Canada	19	0	20.2K	162	https://soundcloud.com/limes-3
5_982	F O H X ç‹	Joshua	Satwa, United Arab Emirates	14	2	1,033	82	https://soundcloud.com/iamfohx
2_983	Soave Tunes Verified	Dance & House Music	Sweden	486	38	31.9K	128	https://soundcloud.com/selectedtunes
5_984	elijah who Verified	None	everywhere	91	16	119K	99	https://soundcloud.com/elijahwho
9_985	REKIDS Verified	Matt Edwards	Berlin, Germany	984	18	60.5K	144	https://soundcloud.com/rekids
5_986	gani	Gaeun Lee (ê°€ì€)	Seoul, Republic of Korea	9	1	6,837	409	https://soundcloud.com/ganibani
4_987	Sonny Alven Verified	Sondre Alvestad	None	46	0	33.5K	380	https://soundcloud.com/sonnyalven
5_988	Morning	None	None	7	1	2,561	177	https://soundcloud.com/mxrninx
4_989	Sam Feldt Verified	None	None	208	14	267K	758	https://soundcloud.com/samfeldt
5_990	fortherecords	None	Seoul, South Korea	9	0	954	1	https://soundcloud.com/nowlt
5_991	Jiye Kim	Jiye Kim	Boston, United States	5	0	1,895	13	https://soundcloud.com/jiye-kim-6
5_992	Bin boy(ë¹ˆë³´ì´)	None	None	14	0	1,001	113	https://soundcloud.com/binb0y
5_993	Kzoo	None	None	56	1	1,074	96	https://soundcloud.com/king_zoo
5_994	nawhij(ë‚˜ìš°íˆì¦ˆ)	None	ulsan	55	2	10.8K	390	https://soundcloud.com/nawhij
9_995	djmag Verified	DJ Mag	London	2,348	27	138K	58	https://soundcloud.com/djmag
2_996	Eastern Odyssey	None	None	15	0	3,273	0	https://soundcloud.com/easternodyssey
5_997	hypnonys	Min Kang	Seoul, Republic of Korea	14	0	188	0	https://soundcloud.com/hypnonys
5_998	Newaile(ë‰´ì—˜ë¥´)	None	None	21	0	1,386	26	https://soundcloud.com/newaile
2_999	Big Beat Records Verified	None	New York	918	28	751K	265	https://soundcloud.com/wearebigbeat
5_1000	chobizzy Verified	Soohyung Cho	Tokyo, Japan	135	18	4,157	948	https://soundcloud.com/soohyungcho
3_1001	Riton Verified	Henry Smithson	London	106	2	39.7K	1,059	https://soundcloud.com/ritontime
